seqname	length	gc
2Cen_mapped_Scaffold_10_D1684	19956	0.316797
2Cen_mapped_Scaffold_43_D1668	44411	0.225147
2R2_mapped_Scaffold_56_D1828	13157	0.38717
3Cen_mapped_Scaffold_1_D1896_D1895	76224	0.37584
3Cen_mapped_Scaffold_27_D1777	11983	0.609614
3Cen_mapped_Scaffold_31_D1643_D1653_D1791	87365	0.423236
3Cen_mapped_Scaffold_36_D1605	36913	0.611573
3Cen_mapped_Scaffold_41_D1641	22604	0.397408
3Cen_mapped_Scaffold_50_D1686	23238	0.52965
Unmapped_Scaffold_4_D1555_D1692	86267	0.345138
Unmapped_Scaffold_8_D1580_D1567	88768	0.384609
Unmapped_Scaffold_11_D1754	36482	0.272737
Unmapped_Scaffold_13_D1782	25537	0.266319
Unmapped_Scaffold_17_D1756_D1775	62570	0.265782
Unmapped_Scaffold_22_D1753	45120	0.407513
Unmapped_Scaffold_24_D1707	22882	0.244909
Unmapped_Scaffold_28_D1723	46986	0.384944
Unmapped_Scaffold_29_D1705	37106	0.381151
Unmapped_Scaffold_32_D1773	16157	0.273256
Unmapped_Scaffold_35_D1599	57785	0.316916
Unmapped_Scaffold_37_D1608	20763	0.371141
Unmapped_Scaffold_38_D1625	28305	0.368627
Unmapped_Scaffold_44_D1670	25698	0.390886
Unmapped_Scaffold_45_D1673	29583	0.29642
Unmapped_Scaffold_46_D1675	25560	0.243975
Unmapped_Scaffold_48_D1678	26115	0.289144
Unmapped_Scaffold_51_D1697	13455	0.391453
Unmapped_Scaffold_52_D1739	43383	0.28253
Unmapped_Scaffold_54_D1776	12632	0.407932
Unmapped_Scaffold_58_D1862	10091	0.453176
Unmapped_Scaffold_60_D1601	24503	0.323593
211000022278279	12714	0.141026
X3X4_mapped_Scaffold_6_D1712	33320	0.411104
X3X4_mapped_Scaffold_14_D1732	27447	0.343207
XY_mapped_Scaffold_42_D1648	47411	0.395815
Y_mapped_Scaffold_5_D1748_D1610	73091	0.405495
Y_mapped_Scaffold_9_D1573	66731	0.322249
Y_mapped_Scaffold_12_D1771	66439	0.34844
Y_mapped_Scaffold_15_D1727	33316	0.355025
Y_mapped_Scaffold_18_D1698	34521	0.424756
Y_mapped_Scaffold_20_D1762_D1719	39041	0.408827
Y_mapped_Scaffold_21_D1683_D1693	34359	0.391018
Y_mapped_Scaffold_23_D1638	31460	0.407502
Y_mapped_Scaffold_26_D1717	21921	0.418001
Y_mapped_Scaffold_30_D1720	25805	0.269095
Y_mapped_Scaffold_34_D1584	24380	0.420304
Y_mapped_Scaffold_53_D1765	44104	0.397356
211000022279762	11498	0.0929727
rDNA	76973	0.307238
211000022278033	1143	0.344707
211000022278089	4222	0.345097
211000022278170	1160	0.350862
211000022278224	1650	0.344848
211000022278269	11430	0.0750656
211000022278354	21074	0.12048
211000022278391	1152	0.386285
211000022278415	25840	0.319582
211000022278678	1966	0.416582
211000022278894	1303	0.378358
211000022278978	12424	0.366066
211000022279018	6860	0.390379
211000022279130	1990	0.40402
211000022279169	3120	0.35641
211000022279344	4573	0.453532
211000022279387	1044	0.359195
211000022279450	1719	0.397906
211000022279594	12148	0.136977
211000022279735	7722	0.356255
211000022280087	4986	0.348576
211000022280171	2784	0.438218
211000022280577	3013	0.338865
211000022280583	5026	0.33844
211000022280626	2419	0.341463
211000022280652	4581	0.388998
211000022278095	1008	0.440476
211000022278096	1148	0.401568
211000022278164	3073	0.612105
211000022278171	1193	0.42917
211000022278205	2176	0.336397
211000022278493	2442	0.605242
211000022278521	1549	0.612653
211000022278535	1045	0.4
211000022278581	3010	0.618272
211000022278611	3648	0.609649
211000022278672	2221	0.610536
211000022278673	1165	0.613734
211000022278676	1378	0.425254
211000022278711	2084	0.615163
211000022278712	5060	0.547036
211000022278765	4400	0.624545
211000022278858	2435	0.614374
211000022278859	1081	0.608696
211000022278860	2253	0.60719
211000022279942	2079	0.320346
211000022279943	1089	0.338843
211000022279946	1011	0.329377
211000022279949	2232	0.369176
211000022279952	1059	0.447592
211000022279954	1021	0.400588
211000022279956	1171	0.315115
211000022279959	1074	0.298883
211000022279960	2400	0.29875
211000022279961	3557	0.401462
211000022279966	2326	0.418745
211000022279969	1907	0.360776
211000022279970	1675	0.395821
211000022279971	1819	0.299065
211000022279973	2669	0.395279
211000022279979	1226	0.349103
211000022279980	2476	0.344103
211000022279982	3218	0.385954
211000022279985	1117	0.360788
211000022279987	1141	0.408414
211000022279990	1248	0.401442
211000022280000	1109	0.469793
211000022280002	4231	0.312692
211000022280009	1424	0.509129
211000022280010	2889	0.377639
211000022280011	1029	0.365403
211000022280012	2882	0.460097
211000022280014	1031	0.302619
211000022280018	1142	0.30035
211000022280020	1251	0.440448
211000022280025	1039	0.351299
211000022280026	3622	0.33683
211000022280028	1943	0.304683
211000022280030	1368	0.30848
211000022280031	1473	0.300068
211000022280032	3932	0.285351
211000022280033	2479	0.299718
211000022280035	2943	0.287122
211000022280043	1050	0.394286
211000022280045	1251	0.376499
211000022280050	4608	0.350043
211000022280053	1240	0.433871
211000022280054	1074	0.468343
211000022280056	1152	0.418403
211000022280064	11148	0.0984033
211000022280065	1087	0.316467
211000022280068	4256	0.384633
211000022280069	1048	0.401718
211000022280071	1377	0.283224
211000022280074	1641	0.429007
211000022280075	1090	0.356881
211000022280076	1193	0.383068
211000022280079	1101	0.336966
211000022280083	1191	0.397145
211000022280084	1079	0.323448
211000022280085	1225	0.345306
211000022280086	2982	0.431925
211000022280089	2628	0.318113
211000022280097	1105	0.376471
211000022280102	1494	0.314592
211000022280106	1150	0.437391
211000022280108	2664	0.321321
211000022280110	4030	0.358809
211000022280112	2603	0.291587
211000022280114	3080	0.341234
211000022280115	3234	0.321892
211000022280117	1040	0.533654
211000022280120	1201	0.530391
211000022280121	1199	0.386989
211000022280123	1105	0.295928
211000022280124	1148	0.301394
211000022280130	1147	0.433304
211000022280133	2161	0.2795
211000022280135	2124	0.38371
211000022280139	1225	0.367347
211000022280140	1333	0.354839
211000022280141	2584	0.348297
211000022280143	2062	0.370029
211000022280144	2385	0.431447
211000022280150	1102	0.325771
211000022280151	2014	0.296425
211000022280152	1276	0.297022
211000022280153	2198	0.297998
211000022280154	1203	0.306733
211000022280156	3519	0.417732
211000022280159	1533	0.373777
211000022280160	1716	0.403263
211000022280161	1797	0.283806
211000022280162	1340	0.302985
211000022280164	1166	0.358491
211000022280165	1005	0.368159
211000022280168	1042	0.417466
211000022280174	1271	0.33753
211000022280176	2129	0.304368
211000022280177	1246	0.304173
211000022280178	1032	0.346899
211000022280179	1229	0.344182
211000022280180	1144	0.381119
211000022280181	1377	0.410312
211000022280183	1177	0.320306
211000022280191	1291	0.311387
211000022280192	2006	0.31007
211000022280193	1102	0.313067
211000022280194	1182	0.440778
211000022280195	1961	0.393167
211000022280196	1555	0.30418
211000022280198	2612	0.297473
211000022280205	2882	0.343511
211000022280206	1339	0.311426
211000022280208	2368	0.294341
211000022280210	1231	0.454915
211000022280211	3144	0.297074
211000022280212	3025	0.295207
211000022280218	2541	0.284534
211000022280220	1832	0.547489
211000022280221	1520	0.300658
211000022280223	2173	0.355269
211000022280224	1261	0.320381
211000022280225	1178	0.325127
211000022280226	1625	0.422154
211000022280228	2342	0.393681
211000022280230	1220	0.331148
211000022280232	1137	0.373791
211000022280233	4865	0.470915
211000022280235	1471	0.313392
211000022280236	6294	0.42326
211000022280237	15068	0.176799
211000022280240	1084	0.500923
211000022280247	1715	0.348688
211000022280255	3299	0.400121
211000022280256	1096	0.415146
211000022280257	1167	0.353899
211000022280259	13935	0.280517
211000022280260	2982	0.467136
211000022280261	3043	0.372001
211000022280262	1274	0.261381
211000022280266	1028	0.308366
211000022280268	1123	0.319679
211000022280269	1962	0.348114
211000022280272	2893	0.427238
211000022280283	4305	0.439954
211000022280289	2375	0.299368
211000022280290	1014	0.449704
211000022280291	1090	0.286239
211000022280292	1560	0.288462
211000022280293	1890	0.300529
211000022280294	2063	0.302957
211000022280295	3348	0.301971
211000022280296	3252	0.271218
211000022280297	1597	0.302442
211000022280298	1738	0.306099
211000022280301	1931	0.314345
211000022280302	2385	0.310692
211000022280303	1225	0.376327
211000022280304	1239	0.434221
211000022280305	3964	0.418517
211000022280308	1223	0.388389
211000022280311	2882	0.35635
211000022280312	1116	0.369176
211000022280315	1629	0.316145
211000022280316	2926	0.446685
211000022280318	1227	0.332518
211000022280319	1190	0.32437
211000022280320	1802	0.369589
211000022280322	1394	0.349354
211000022280325	1527	0.3222
211000022280326	1801	0.353137
211000022280327	1351	0.449297
211000022280331	1110	0.379279
211000022280333	2855	0.436778
211000022280335	3396	0.364841
211000022280336	1406	0.208393
211000022280338	1487	0.375925
211000022280340	2804	0.371255
211000022280341	1371	0.382203
211000022280343	1340	0.363433
211000022280344	1851	0.380875
211000022280345	1197	0.32665
211000022280346	1386	0.393939
211000022280347	1870	0.414439
211000022280350	1067	0.420806
211000022280427	564	0.301418
211000022280437	5968	0.434651
211000022280440	3262	0.360822
211000022280443	2575	0.426796
211000022280445	4903	0.395472
211000022280447	6698	0.361451
211000022280448	4006	0.398402
211000022280455	3717	0.500404
211000022280456	3171	0.413434
211000022280457	4471	0.392306
211000022280459	5098	0.357003
211000022280461	4996	0.385508
211000022280463	3638	0.358164
211000022280465	7123	0.512144
211000022280469	2811	0.516542
211000022280471	3755	0.321704
211000022280472	5698	0.32643
211000022280474	2927	0.412709
211000022280476	6900	0.402029
211000022280480	3259	0.484198
211000022280485	2529	0.482009
211000022280497	2745	0.321676
211000022280501	2828	0.393211
211000022280511	3085	0.345867
211000022280516	4336	0.411208
211000022280518	6041	0.341831
211000022280519	6193	0.437752
211000022280522	3603	0.403553
211000022280525	3554	0.386044
211000022280535	2583	0.346496
211000022280536	2924	0.418263
211000022280541	14028	0.218135
211000022280544	2919	0.396369
211000022280545	6000	0.300167
211000022280548	2618	0.303285
211000022280553	2561	0.415463
211000022280554	3365	0.297177
211000022280555	3174	0.301512
211000022280556	3386	0.304784
211000022280557	3190	0.372414
211000022280558	4994	0.336404
211000022280561	2417	0.481175
211000022280562	3593	0.296131
211000022280565	3646	0.358749
211000022280566	3389	0.357923
211000022280568	2234	0.369293
211000022280570	3313	0.200121
211000022280588	3223	0.33385
211000022280595	3308	0.454051
211000022280598	2511	0.33413
211000022280599	2205	0.292517
211000022280605	1936	0.329545
211000022280606	3660	0.446995
211000022280607	4785	0.360502
211000022280610	2876	0.557024
211000022280615	5000	0.4616
211000022280617	2112	0.467803
211000022280618	4705	0.318597
211000022280623	3991	0.354297
211000022280631	2119	0.40302
211000022280637	5316	0.457299
211000022280640	6546	0.342194
211000022280644	1391	0.294033
211000022280656	5324	0.377536
211000022280671	4310	0.530626
211000022280676	1385	0.313357
211000022280678	1242	0.451691
211000022280679	2421	0.381247
211000022280681	1019	0.482826
211000022280684	3960	0.424747
211000022280685	1099	0.503185
211000022280687	3259	0.372814
211000022280689	1189	0.267452
211000022280691	1213	0.366035
211000022280692	3527	0.336263
211000022280694	1553	0.467482
211000022280696	2577	0.413271
211000022280698	2270	0.403524
211000022280699	6825	0.29978
211000022280700	1733	0.404501
211000022280702	1112	0.355216
211000022280703	3906	0.344854
211000022280704	1143	0.364829
211000022280706	1410	0.275887
211000022280707	2708	0.369645
211000022280720	5061	0.406441
211000022280727	5383	0.342746
211000022280734	7003	0.325146
211000022280735	6860	0.343003
211000022280743	4452	0.429245
211000022280747	2378	0.486964
211000022280750	9865	0.395438
211000022280762	4202	0.315088
XY_mapped_Scaffold_7_D1574	50625	0.368099
211000022278161	1250	0.3472
211000022278241	1077	0.263695
211000022278242	1226	0.314845
211000022278298	1614	0.346344
211000022278307	1525	0.304918
211000022278309	1110	0.321622
211000022278338	1278	0.283255
211000022278339	1047	0.368672
211000022278408	1301	0.518832
211000022278453	1033	0.271055
211000022278501	1049	0.28122
211000022278522	2086	0.291467
211000022278554	2916	0.346022
211000022278603	1105	0.343891
211000022278660	1084	0.535055
211000022278663	1146	0.333333
211000022278664	2451	0.321909
211000022278866	1566	0.494891
211000022278869	2381	0.466191
211000022278874	2094	0.478032
211000022278877	1125	0.448889
211000022278878	1080	0.440741
211000022278881	1060	0.439623
211000022278886	1114	0.289048
211000022278897	1167	0.443016
211000022278920	1127	0.364685
211000022278942	2384	0.439597
211000022278951	1192	0.262584
211000022278975	2793	0.344074
211000022278985	1044	0.338123
211000022279055	1123	0.437222
211000022279101	2217	0.426252
211000022279103	1004	0.536853
211000022279106	1316	0.469605
211000022279122	2383	0.486781
211000022279134	1012	0.33498
211000022279190	2575	0.349903
211000022279204	1458	0.479424
211000022279222	1136	0.356514
211000022279271	1040	0.363462
211000022279286	1048	0.302481
211000022279342	1011	0.416419
211000022279399	1114	0.386894
211000022279529	1407	0.439232
211000022279555	1198	0.306344
211000022279571	1962	0.359837
211000022279600	1429	0.335199
211000022279602	2629	0.352225
211000022279667	4222	0.363572
211000022279701	4553	0.501647
211000022279708	1275	0.443137
211000022279810	2381	0.47669
211000022279945	3527	0.466119
211000022279965	1101	0.284287
211000022279975	1096	0.395985
211000022279991	1211	0.352601
211000022280091	1260	0.430159
211000022280142	1062	0.555556
211000022280436	2848	0.391152
211000022280467	3129	0.469799
211000022280492	2438	0.376538
211000022280500	2157	0.32777
211000022280517	5463	0.425407
211000022280580	2295	0.429194
211000022278099	1625	0.232615
211000022278122	1311	0.496568
211000022278125	1709	0.308953
211000022278165	1713	0.307647
211000022278172	2464	0.333198
211000022278187	1258	0.438792
211000022278208	2956	0.533491
211000022278209	2781	0.305286
211000022278225	2432	0.29153
211000022278226	2078	0.292589
211000022278227	1516	0.298153
211000022278228	1793	0.307864
211000022278229	1956	0.306748
211000022278230	1004	0.303785
211000022278231	1195	0.296234
211000022278232	1541	0.298507
211000022278233	1978	0.299292
211000022278235	2999	0.303768
211000022278236	1092	0.387363
211000022278237	1049	0.319352
211000022278249	2259	0.307216
211000022278252	1453	0.370957
211000022278268	1312	0.296494
211000022278277	1869	0.300161
211000022278297	1220	0.531967
211000022278299	2591	0.299112
211000022278314	1737	0.295912
211000022278315	1560	0.305769
211000022278316	2639	0.306177
211000022278317	1970	0.302538
211000022278318	1870	0.304813
211000022278319	1947	0.299435
211000022278320	2113	0.303833
211000022278321	1964	0.297352
211000022278322	1424	0.297051
211000022278323	1575	0.306032
211000022278324	1283	0.31021
211000022278325	1843	0.311449
211000022278326	1097	0.297174
211000022278340	1441	0.296322
211000022278341	2286	0.292213
211000022278342	1412	0.305241
211000022278343	2113	0.306673
211000022278346	1899	0.293839
211000022278350	1018	0.293713
211000022278352	1869	0.322097
211000022278353	2114	0.327342
211000022278355	1186	0.485666
211000022278359	2192	0.296989
211000022278360	1121	0.314897
211000022278361	3254	0.307007
211000022278365	1920	0.325
211000022278382	1258	0.332273
211000022278411	1888	0.318856
211000022278414	1461	0.392197
211000022278417	1056	0.326705
211000022278431	2089	0.29775
211000022278458	1012	0.299407
211000022278459	1055	0.299526
211000022278460	1944	0.305041
211000022278461	2209	0.302399
211000022278462	1902	0.293375
211000022278463	2841	0.296375
211000022278464	2087	0.309056
211000022278465	1813	0.297849
211000022278466	1195	0.307113
211000022278467	2189	0.295569
211000022278468	1906	0.303778
211000022278469	1678	0.306913
211000022278470	1327	0.301432
211000022278471	1683	0.301842
211000022278472	1643	0.297018
211000022278473	1743	0.300057
211000022278474	1022	0.302348
211000022278475	1818	0.29923
211000022278476	1355	0.297417
211000022278477	1159	0.310613
211000022278478	1244	0.304662
211000022278479	1189	0.30614
211000022278480	1927	0.301505
211000022278481	1843	0.289202
211000022278482	1998	0.318819
211000022278483	1011	0.299703
211000022278484	1657	0.295112
211000022278485	1130	0.30177
211000022278486	1084	0.302583
211000022278487	1295	0.303475
211000022278488	1007	0.290963
211000022278489	2557	0.299179
211000022278490	2113	0.297208
211000022278491	1703	0.30828
211000022278492	1315	0.355133
211000022278498	13940	0.288092
211000022278502	1841	0.33786
211000022278504	1047	0.30086
211000022278505	1240	0.298387
211000022278512	1478	0.306495
211000022278513	2228	0.301167
211000022278516	1133	0.300088
211000022278524	1078	0.320965
211000022278534	1063	0.362183
211000022278544	3206	0.32252
211000022278555	2189	0.301508
211000022278557	2293	0.296991
211000022278578	2412	0.294362
211000022278584	1577	0.298034
211000022278596	1036	0.333977
211000022278607	1296	0.301698
211000022278608	2201	0.293503
211000022278609	1355	0.301845
211000022278610	1174	0.293015
211000022278612	2273	0.294325
211000022278613	1785	0.29972
211000022278614	1829	0.310005
211000022278615	2637	0.305271
211000022278616	2161	0.304951
211000022278617	1037	0.299904
211000022278618	1452	0.300964
211000022278619	1986	0.295569
211000022278620	1637	0.296274
211000022278621	1704	0.300469
211000022278622	2500	0.3004
211000022278623	1082	0.298521
211000022278624	1223	0.302535
211000022278625	1818	0.29648
211000022278626	1018	0.295678
211000022278627	1928	0.304461
211000022278628	2196	0.453097
211000022278629	2259	0.298805
211000022278630	2641	0.305945
211000022278631	1241	0.302981
211000022278632	1228	0.295603
211000022278633	1787	0.302182
211000022278634	1786	0.302352
211000022278635	1067	0.315839
211000022278636	1865	0.305094
211000022278637	1221	0.30303
211000022278638	1019	0.309127
211000022278639	2269	0.299251
211000022278640	1238	0.306947
211000022278643	1935	0.30646
211000022278644	1381	0.298335
211000022278645	2689	0.307549
211000022278646	1408	0.306818
211000022278647	1051	0.301618
211000022278648	2605	0.304415
211000022278649	2335	0.289936
211000022278654	1233	0.49635
211000022278655	1550	0.490323
211000022278669	1023	0.301075
211000022278670	1622	0.305179
211000022278671	1546	0.305304
211000022278677	1716	0.302448
211000022278690	1452	0.305785
211000022278691	1252	0.306709
211000022278692	1525	0.298361
211000022278693	1519	0.308756
211000022278694	1891	0.29614
211000022278695	2035	0.29828
211000022278704	1074	0.485102
211000022278705	1048	0.524809
211000022278715	1040	0.324038
211000022278724	2904	0.297521
211000022278725	1107	0.303523
211000022278726	1645	0.293617
211000022278774	1842	0.296417
211000022278775	2177	0.305007
211000022278810	2307	0.301691
211000022278811	1005	0.296517
211000022278812	1916	0.295407
211000022278813	1075	0.31814
211000022278814	1238	0.297254
211000022278815	1895	0.292348
211000022278816	1741	0.292361
211000022278817	2021	0.300841
211000022278818	1037	0.292189
211000022278819	1775	0.294085
211000022278820	1993	0.299548
211000022278821	2823	0.297202
211000022278822	1386	0.296537
211000022278823	2283	0.306176
211000022278824	1038	0.304432
211000022278825	2147	0.302748
211000022278826	1895	0.310818
211000022278827	1482	0.304318
211000022278828	2425	0.298969
211000022278829	1488	0.302419
211000022278830	1323	0.314437
211000022278831	2520	0.294048
211000022278832	1336	0.297904
211000022278833	1091	0.300642
211000022278834	1028	0.307393
211000022278835	1052	0.288023
211000022278836	1380	0.308696
211000022278837	1419	0.296688
211000022278838	1423	0.299368
211000022278839	1630	0.29816
211000022278840	2096	0.303912
211000022278841	1055	0.298578
211000022278842	1747	0.300515
211000022278843	1251	0.306954
211000022278844	2363	0.302158
211000022278845	2079	0.304954
211000022278846	2877	0.300313
211000022278850	1544	0.303756
211000022278851	1476	0.29878
211000022278852	1062	0.36064
211000022278853	2166	0.301477
211000022278854	1856	0.304418
211000022278855	1376	0.307413
211000022278856	1271	0.306845
211000022278857	1558	0.304236
211000022278861	1509	0.299536
211000022278868	2871	0.496691
211000022278876	1813	0.454495
211000022278879	1963	0.430464
211000022278880	1100	0.478182
211000022278882	1238	0.452342
211000022278892	1155	0.353247
211000022278896	3523	0.549815
211000022278905	1829	0.297977
211000022278906	1131	0.298851
211000022278907	1724	0.311485
211000022278908	2389	0.309334
211000022278909	1088	0.307904
211000022278910	1184	0.304054
211000022278911	1843	0.302767
211000022278921	2698	0.477391
211000022278925	1189	0.523129
211000022278933	1129	0.444641
211000022278938	1679	0.391304
211000022278950	1164	0.291237
211000022278971	1238	0.337641
211000022278976	1980	0.298485
211000022279006	1163	0.310404
211000022279008	12848	0.133328
211000022279009	13549	0.172854
211000022279010	1013	0.53307
211000022279012	1178	0.300509
211000022279045	1268	0.467666
211000022279062	2505	0.302595
211000022279063	2094	0.30086
211000022279064	1637	0.308491
211000022279065	1687	0.308832
211000022279066	1489	0.300873
211000022279067	1093	0.304666
211000022279068	1421	0.30753
211000022279071	1253	0.295291
211000022279072	1904	0.297269
211000022279073	1340	0.299254
211000022279074	1492	0.30429
211000022279075	1939	0.302218
211000022279076	1573	0.301971
211000022279077	1680	0.304167
211000022279078	1800	0.292778
211000022279079	1326	0.300905
211000022279080	1841	0.300923
211000022279081	3002	0.301466
211000022279082	2822	0.305103
211000022279083	1042	0.301344
211000022279084	2132	0.300657
211000022279085	2287	0.304329
211000022279086	1049	0.307912
211000022279092	2322	0.295004
211000022279093	1792	0.295201
211000022279108	1115	0.442152
211000022279109	3076	0.51723
211000022279111	1027	0.300876
211000022279112	1425	0.306667
211000022279113	1015	0.300493
211000022279188	3347	0.42934
211000022279227	1098	0.384335
211000022279244	1556	0.306555
211000022279245	1933	0.29643
211000022279277	2945	0.518506
211000022279287	2751	0.300981
211000022279290	1185	0.304641
211000022279291	1051	0.310181
211000022279295	1529	0.30412
211000022279296	1747	0.301088
211000022279297	1708	0.303279
211000022279298	2765	0.292224
211000022279299	2237	0.297273
211000022279300	1211	0.293972
211000022279301	1830	0.304372
211000022279302	1209	0.306865
211000022279303	1871	0.30465
211000022279304	1161	0.303187
211000022279305	2109	0.297771
211000022279306	1063	0.30762
211000022279307	2126	0.301035
211000022279315	1031	0.593598
211000022279316	1623	0.561306
211000022279322	1769	0.521198
211000022279327	1057	0.292337
211000022279328	1284	0.304517
211000022279332	2044	0.290117
211000022279339	1184	0.54223
211000022279340	2366	0.548605
211000022279388	1309	0.405653
211000022279408	2825	0.454867
211000022279437	1432	0.319134
211000022279438	1046	0.306883
211000022279446	13234	0.212936
211000022279460	3024	0.384259
211000022279467	1078	0.462894
211000022279497	3275	0.523359
211000022279499	3478	0.545428
211000022279501	1175	0.549787
211000022279502	2814	0.531272
211000022279504	2317	0.545533
211000022279505	1178	0.539898
211000022279514	2220	0.30991
211000022279515	1510	0.3
211000022279518	1037	0.294118
211000022279528	1260	0.45
211000022279530	2372	0.499157
211000022279531	1200	0.458333
211000022279536	1186	0.556492
211000022279537	2420	0.26157
211000022279542	1595	0.308464
211000022279543	1135	0.296916
211000022279552	2834	0.516231
211000022279553	2284	0.550788
211000022279563	5832	0.54784
211000022279570	1235	0.540891
211000022279601	2068	0.44971
211000022279604	1102	0.403811
211000022279605	1086	0.393186
211000022279608	2937	0.467143
211000022279610	1257	0.533811
211000022279673	3926	0.51299
211000022279674	1315	0.512548
211000022279676	12187	0.178141
211000022279686	1534	0.473272
211000022279689	2289	0.300131
211000022279690	1145	0.406114
211000022279698	2844	0.547117
211000022279703	2833	0.551006
211000022279704	2355	0.557537
211000022279705	4515	0.516279
211000022279715	2060	0.296117
211000022279720	1008	0.542659
211000022279721	1265	0.55415
211000022279730	3553	0.383057
211000022279731	3984	0.523343
211000022279732	2282	0.538124
211000022279764	1269	0.41844
211000022279767	1306	0.54441
211000022279772	3290	0.534954
211000022279773	1158	0.554404
211000022279774	2318	0.547023
211000022279803	1173	0.540494
211000022279830	1184	0.555743
211000022279832	1100	0.589091
211000022279833	1161	0.579673
211000022279834	2139	0.521272
211000022279836	11522	0.106405
211000022279846	1798	0.302002
211000022279857	1159	0.565142
211000022279859	1109	0.54193
211000022279860	1212	0.546205
211000022279861	1053	0.561254
211000022279862	1208	0.519868
211000022279881	1153	0.57242
211000022279882	1071	0.56676
211000022279883	5057	0.55092
211000022279888	1402	0.552782
211000022279902	2475	0.492929
211000022279917	2635	0.551423
211000022279944	1310	0.545038
211000022279955	5555	0.542034
211000022279957	1586	0.571879
211000022279967	2413	0.536262
211000022279968	2846	0.538651
211000022279978	1271	0.374508
211000022279984	1301	0.461952
211000022279994	2463	0.410475
211000022279998	1281	0.553474
211000022280007	1294	0.516229
211000022280016	4072	0.520383
211000022280017	1134	0.520282
211000022280019	1084	0.565498
211000022280022	1361	0.533431
211000022280023	1112	0.596223
211000022280029	1556	0.310411
211000022280034	1326	0.258673
211000022280042	13394	0.286098
211000022280060	1803	0.384359
211000022280061	1636	0.363692
211000022280062	2603	0.378794
211000022280077	1181	0.419136
211000022280088	2223	0.559154
211000022280095	2671	0.548858
211000022280125	1058	0.298677
211000022280148	2686	0.362621
211000022280173	1112	0.305755
211000022280241	5387	0.498608
211000022280243	1710	0.339181
211000022280270	13108	0.248169
211000022280330	2247	0.29595
211000022280439	3921	0.297883
211000022280442	2210	0.302715
211000022280453	2379	0.385036
211000022280466	5232	0.396789
211000022280470	3582	0.301508
211000022280479	4085	0.527785
211000022280495	3730	0.476944
211000022280507	2357	0.546457
211000022280526	9368	0.54494
211000022280529	4013	0.564166
211000022280532	3059	0.545276
211000022280534	2353	0.434764
211000022280537	2819	0.488471
211000022280538	3100	0.559032
211000022280539	4012	0.561815
211000022280542	2996	0.421228
211000022280578	3602	0.496391
211000022280584	2964	0.29892
211000022280585	1868	0.295503
211000022280586	2439	0.295203
211000022280587	3123	0.297791
211000022280592	2829	0.30152
211000022280593	3913	0.350371
211000022280594	2009	0.307118
211000022280597	3473	0.54535
211000022280603	3941	0.297386
211000022280612	1936	0.296488
211000022280620	3603	0.537608
211000022280622	1916	0.362213
211000022280624	4395	0.548578
211000022280625	3745	0.55968
211000022280628	1903	0.508671
211000022280629	3775	0.548079
211000022280632	2750	0.297818
211000022280633	2328	0.293814
211000022280639	2910	0.558419
211000022280641	3065	0.546166
211000022280642	2830	0.361484
211000022280645	4879	0.445378
211000022280649	4917	0.364653
211000022280657	1903	0.300578
211000022280668	3498	0.298742
211000022280669	3201	0.299594
211000022278135	1237	0.439774
211000022278142	1186	0.399663
211000022278153	1297	0.364688
211000022278201	1101	0.37148
211000022278214	1459	0.352296
211000022278218	3213	0.397448
211000022278278	2688	0.386905
211000022278405	1284	0.401869
211000022278418	1282	0.404056
211000022278436	2815	0.358437
211000022278449	1947	0.399076
211000022278450	1134	0.444444
211000022278495	1001	0.412587
211000022278499	1155	0.432035
211000022278509	2565	0.357115
211000022278510	2473	0.367165
211000022278538	1035	0.430918
211000022278565	1751	0.418047
211000022278577	2303	0.452019
211000022278586	2799	0.377635
211000022278601	3537	0.396381
211000022278682	1049	0.332698
211000022278683	2508	0.419059
211000022278684	5984	0.38369
211000022278709	1683	0.383838
211000022278710	1020	0.411765
211000022278722	1303	0.322333
211000022278734	2762	0.381245
211000022278736	1116	0.373656
211000022278743	2521	0.326061
211000022278756	1260	0.43254
211000022278760	1144	0.388112
211000022278772	1033	0.413359
211000022278787	1063	0.434619
211000022278791	1268	0.37776
211000022278795	3375	0.444444
211000022278798	1224	0.427288
211000022278802	2477	0.385143
211000022278803	1086	0.371087
211000022278872	1485	0.321886
211000022278873	1109	0.341749
211000022278895	3077	0.435164
211000022278935	1222	0.46072
211000022278936	1142	0.487741
211000022278939	1029	0.418853
211000022278941	1775	0.460282
211000022278956	1041	0.384246
211000022278959	1126	0.403197
211000022278965	1032	0.397287
211000022278984	2005	0.37606
211000022278987	1129	0.290523
211000022278990	1192	0.385906
211000022278995	1152	0.447917
211000022278997	1443	0.407484
211000022279005	1106	0.423146
211000022279007	1073	0.383038
211000022279025	1690	0.413018
211000022279026	1712	0.401869
211000022279030	3502	0.425757
211000022279031	1060	0.476415
211000022279034	1059	0.353163
211000022279046	2642	0.374338
211000022279047	1224	0.375817
211000022279090	1619	0.352069
211000022279104	1890	0.37037
211000022279123	1766	0.375425
211000022279137	1064	0.399436
211000022279153	1155	0.325541
211000022279164	1159	0.318378
211000022279165	1118	0.374776
211000022279174	1195	0.383264
211000022279181	1148	0.385017
211000022279186	3102	0.404578
211000022279211	1056	0.382576
211000022279224	3173	0.388906
211000022279235	1010	0.40297
211000022279236	1110	0.437838
211000022279261	2522	0.338224
211000022279264	1019	0.433759
211000022279266	1166	0.451115
211000022279268	1961	0.355431
211000022279269	1271	0.327301
211000022279272	1027	0.330088
211000022279279	1393	0.391242
211000022279280	1162	0.450947
211000022279314	1054	0.363378
211000022279319	1297	0.359291
211000022279333	1166	0.408233
211000022279334	2342	0.403074
211000022279335	1218	0.466338
211000022279352	1147	0.421099
211000022279377	1056	0.335227
211000022279382	2836	0.309591
211000022279385	1063	0.377234
211000022279391	1136	0.327465
211000022279392	1356	0.402655
211000022279403	1087	0.422263
211000022279404	1322	0.392587
211000022279410	1169	0.450813
211000022279452	1176	0.462585
211000022279458	1139	0.440737
211000022279459	1075	0.373023
211000022279468	3499	0.374678
211000022279484	1360	0.402206
211000022279485	1330	0.367669
211000022279486	1068	0.406367
211000022279491	1241	0.433521
211000022279492	1042	0.441459
211000022279494	1863	0.454106
211000022279496	1270	0.469291
211000022279511	1158	0.377375
211000022279532	2899	0.459124
211000022279546	1116	0.417563
211000022279550	1333	0.417104
211000022279560	1304	0.417945
211000022279582	1683	0.42246
211000022279583	2096	0.374523
211000022279586	1098	0.332423
211000022279589	1012	0.376482
211000022279639	1010	0.293069
211000022279642	3046	0.461589
211000022279646	1010	0.442574
211000022279649	3154	0.53012
211000022279661	1090	0.329358
211000022279669	1170	0.308547
211000022279670	1012	0.456522
211000022279677	1053	0.388414
211000022279678	1230	0.42439
211000022279679	1171	0.465414
211000022279680	1637	0.460599
211000022279681	11763	0.100145
211000022279688	5520	0.35
211000022279709	2728	0.407991
211000022279725	1243	0.411102
211000022279755	2694	0.383073
211000022279791	1029	0.412051
211000022279795	1946	0.35149
211000022279799	1132	0.35689
211000022279800	1131	0.366932
211000022279801	1058	0.323251
211000022279802	1029	0.440233
211000022279813	1111	0.40054
211000022279831	1181	0.482642
211000022279835	1283	0.423227
211000022279870	1525	0.389508
211000022279876	1440	0.419444
211000022279901	1144	0.412587
211000022279907	1382	0.428365
211000022279908	1037	0.394407
211000022279910	1122	0.49287
211000022279918	1227	0.449063
211000022279932	2206	0.475975
211000022279935	1146	0.410122
211000022279936	1690	0.447337
211000022279937	2063	0.377605
211000022279938	1140	0.375439
211000022279941	1136	0.497359
211000022279950	1429	0.39888
211000022279951	3374	0.380261
211000022279963	1456	0.429945
211000022279972	1014	0.460552
211000022279974	1182	0.374788
211000022279986	1163	0.411866
211000022279988	1072	0.430037
211000022279989	1756	0.440205
211000022279995	1141	0.38475
211000022279999	1171	0.471392
211000022280024	2232	0.370072
211000022280040	1051	0.37393
211000022280044	1341	0.39299
211000022280057	1030	0.38835
211000022280072	1039	0.421559
211000022280090	1202	0.449251
211000022280116	1383	0.452639
211000022280138	2709	0.517165
211000022280157	1277	0.372749
211000022280187	13079	0.165915
211000022280481	3713	0.406141
211000022280483	3341	0.375337
211000022280494	4197	0.372409
211000022280504	4059	0.457748
211000022280619	3195	0.442879
211000022280686	2922	0.468172
211000022280742	12513	0.149924
211000022280748	5564	0.42128
211000022280763	12001	0.247063
mitochondrion_genome	19524	0.177781
211000022278888	2200	0.605909
211000022278889	1262	0.610143
211000022278926	4465	0.511086
211000022279011	2291	0.350502
211000022279095	1189	0.606392
211000022279096	2060	0.607282
211000022279097	1832	0.610808
211000022279116	2529	0.603796
211000022279117	1029	0.621963
211000022279118	2198	0.55141
211000022279139	1849	0.554354
211000022279147	5891	0.579868
211000022279148	1146	0.52356
211000022279155	1076	0.613383
211000022279156	1227	0.610432
211000022279157	2670	0.606367
211000022279158	1900	0.611579
211000022279159	1747	0.607327
211000022279191	2549	0.511965
211000022279265	3197	0.379731
211000022279308	1019	0.613346
211000022279309	1156	0.615052
211000022279310	2103	0.621018
211000022279370	3622	0.60381
211000022279371	1375	0.599273
211000022279372	3913	0.573473
211000022279373	2536	0.607256
211000022279376	2046	0.565982
211000022279389	4436	0.35798
211000022279463	4381	0.617439
211000022279480	1208	0.313742
211000022279517	2060	0.284466
211000022279521	2795	0.608587
211000022279522	1445	0.609689
211000022279538	1863	0.608159
211000022279539	6237	0.398429
211000022279540	1487	0.566913
211000022279575	1696	0.611439
211000022279576	1117	0.623993
211000022279578	1083	0.602031
211000022279613	3503	0.384813
211000022279634	5281	0.392918
211000022279645	1227	0.353708
211000022279647	1219	0.406071
211000022279691	1577	0.607483
211000022279692	1286	0.614308
211000022279693	1014	0.61144
211000022279694	1391	0.610352
211000022279695	8007	0.607843
211000022279699	1294	0.599691
211000022279700	3157	0.607856
211000022279711	2438	0.605824
211000022279743	3806	0.604572
211000022279744	1133	0.616946
211000022279745	1806	0.619601
211000022279746	2793	0.617257
211000022279849	2510	0.613147
211000022279850	2431	0.593172
211000022279858	1776	0.609797
211000022279866	2470	0.594737
211000022279868	3156	0.59981
211000022279869	9341	0.597474
211000022279872	1218	0.429392
211000022279898	2516	0.591812
211000022279948	2796	0.355866
211000022279953	3227	0.392005
211000022279964	2822	0.597803
211000022280008	3209	0.619508
211000022280015	4820	0.299585
211000022280037	2928	0.613046
211000022280046	6062	0.572253
211000022280051	1086	0.371087
211000022280058	2325	0.603441
211000022280070	2108	0.583017
211000022280080	3044	0.615309
211000022280081	1219	0.625103
211000022280093	3009	0.613493
211000022280098	4081	0.503798
211000022280105	3277	0.605737
211000022280126	1225	0.437551
211000022280127	3553	0.603152
211000022280128	4378	0.596848
211000022280131	1586	0.63367
211000022280137	2611	0.330908
211000022280149	1048	0.608779
211000022280202	4273	0.57641
211000022280214	2794	0.294918
211000022280227	2860	0.611538
211000022280251	2914	0.40906
211000022280284	2644	0.378215
211000022280314	1209	0.315964
211000022280446	3970	0.402267
211000022280462	5772	0.350139
211000022280473	4289	0.391233
211000022280490	7314	0.607055
211000022280498	3818	0.301991
211000022280503	4701	0.611572
211000022280508	4182	0.57078
211000022280520	2577	0.616608
211000022280524	3268	0.404223
211000022280533	3402	0.588183
211000022280551	3737	0.593792
211000022280560	4135	0.332527
211000022280564	3302	0.607511
211000022280589	4933	0.609568
211000022280621	2216	0.302347
211000022280643	2425	0.595052
211000022280653	4150	0.53494
211000022280654	3574	0.609121
211000022280655	5952	0.403394
211000022280688	1153	0.346054
211000022280772	15417	0.608614
211000022280659	14503	0.444667
211000022279579	13416	0.577967
211000022280596	13501	0.292571
211000022279719	13455	0.201709
211000022279098	12368	0.123302
211000022280761	18299	0.204164
211000022280328	14098	0.371329
211000022278031	1021	0.286974
211000022278032	6936	0.411188
211000022278038	1395	0.397133
211000022278047	2020	0.479208
211000022278049	27456	0.205966
211000022278072	1127	0.462289
211000022278074	1003	0.20339
211000022278090	1097	0.402917
211000022278091	1185	0.371308
211000022278098	2820	0.356738
211000022278100	3924	0.382773
211000022278106	1058	0.296786
211000022278114	2665	0.410131
211000022278119	1163	0.218401
211000022278120	2008	0.486056
211000022278123	1126	0.405861
211000022278127	1343	0.366344
211000022278132	1714	0.394399
211000022278134	1152	0.217882
211000022278136	1232	0.400974
211000022278137	1004	0.528884
211000022278138	2088	0.342912
211000022278139	1432	0.280028
211000022278140	1132	0.333039
211000022278143	1140	0.236842
211000022278144	1330	0.36391
211000022278145	1123	0.241318
211000022278151	1334	0.247376
211000022278152	1006	0.328032
211000022278157	1346	0.403418
211000022278158	1036	0.348456
211000022278166	1178	0.440577
211000022278167	1404	0.339031
211000022278174	1153	0.402428
211000022278176	1571	0.37492
211000022278178	2266	0.190644
211000022278179	1001	0.341658
211000022278182	1504	0.325133
211000022278184	1160	0.456897
211000022278185	12681	0.121363
211000022278191	1148	0.547909
211000022278194	1315	0.310266
211000022278195	3806	0.338939
211000022278196	1214	0.266886
211000022278197	1099	0.3303
211000022278199	1052	0.309886
211000022278200	1112	0.311151
211000022278202	1184	0.425676
211000022278203	3463	0.400809
211000022278204	1310	0.226718
211000022278206	2090	0.463636
211000022278207	1025	0.381463
211000022278210	1508	0.183024
211000022278211	1956	0.316973
211000022278212	1337	0.196709
211000022278215	8346	0.354781
211000022278216	2076	0.399326
211000022278217	14687	0.175257
211000022278219	3162	0.352941
211000022278220	2330	0.357082
211000022278221	1135	0.376211
211000022278223	1086	0.379374
211000022278240	1045	0.455502
211000022278244	1540	0.172078
211000022278247	1013	0.242843
211000022278248	1114	0.37702
211000022278253	1063	0.203198
211000022278254	2006	0.201396
211000022278256	1380	0.321739
211000022278257	1115	0.313004
211000022278258	1013	0.384995
211000022278260	1061	0.325165
211000022278262	1436	0.31337
211000022278263	1144	0.362762
211000022278265	1178	0.491511
211000022278267	1163	0.44712
211000022278271	1974	0.422492
211000022278272	1010	0.407921
211000022278273	12027	0.164713
211000022278274	1893	0.387216
211000022278276	1063	0.317968
211000022278280	3089	0.322111
211000022278281	1259	0.217633
211000022278282	2511	0.389088
211000022278283	1155	0.355844
211000022278284	2017	0.458602
211000022278285	1107	0.288166
211000022278286	1446	0.344398
211000022278287	1020	0.545098
211000022278290	1195	0.241841
211000022278291	1038	0.490366
211000022278294	1138	0.551845
211000022278295	1154	0.441941
211000022278296	1163	0.55804
211000022278301	1078	0.296846
211000022278302	1262	0.357369
211000022278304	1928	0.40612
211000022278305	1040	0.431731
211000022278306	1710	0.456725
211000022278311	1071	0.345472
211000022278312	3458	0.3369
211000022278313	1162	0.45611
211000022278327	2576	0.314829
211000022278328	1123	0.502226
211000022278333	1136	0.529049
211000022278334	1552	0.526418
211000022278335	2390	0.471967
211000022278345	1105	0.479638
211000022278348	1277	0.350039
211000022278349	1088	0.376838
211000022278351	4183	0.355486
211000022278356	1272	0.466981
211000022278357	1051	0.52236
211000022278362	1998	0.347848
211000022278366	1416	0.462571
211000022278369	1234	0.371151
211000022278370	1189	0.126997
211000022278371	1078	0.358071
211000022278372	4163	0.392025
211000022278376	1594	0.403388
211000022278377	1025	0.216585
211000022278378	2905	0.356282
211000022278384	1001	0.486513
211000022278385	1062	0.339925
211000022278386	1029	0.367347
211000022278387	2354	0.439252
211000022278388	1732	0.37067
211000022278390	11985	0.109387
211000022278392	3650	0.437808
211000022278395	2999	0.288429
211000022278396	3553	0.298902
211000022278398	3100	0.305806
211000022278399	11951	0.109531
211000022278401	1147	0.29381
211000022278403	1159	0.299396
211000022278404	2849	0.353457
211000022278406	1926	0.406023
211000022278407	1190	0.379832
211000022278409	1206	0.334163
211000022278410	1050	0.297143
211000022278412	1126	0.281528
211000022278413	1366	0.479502
211000022278416	1157	0.340536
211000022278419	1051	0.396765
211000022278420	1416	0.366525
211000022278421	2697	0.314423
211000022278423	1165	0.355365
211000022278424	1014	0.312623
211000022278426	2636	0.48824
211000022278427	1044	0.411877
211000022278429	1181	0.339543
211000022278430	1200	0.515
211000022278432	1171	0.404782
211000022278435	1900	0.318947
211000022278438	3159	0.287749
211000022278439	2043	0.370044
211000022278440	2744	0.360787
211000022278441	1070	0.391589
211000022278445	1130	0.352212
211000022278446	1945	0.382519
211000022278451	1533	0.303979
211000022278452	2575	0.285049
211000022278456	1475	0.337627
211000022278497	1175	0.459574
211000022278503	1199	0.2402
211000022278506	2059	0.330257
211000022278507	2390	0.441841
211000022278511	1123	0.32057
211000022278514	1118	0.34347
211000022278515	1986	0.387714
211000022278517	1038	0.426782
211000022278520	1162	0.424269
211000022278525	1586	0.334174
211000022278526	1067	0.350515
211000022278528	1962	0.390928
211000022278530	1052	0.39924
211000022278533	1114	0.482944
211000022278536	2304	0.40408
211000022278537	1090	0.365138
211000022278539	1005	0.350249
211000022278540	1062	0.36629
211000022278541	1033	0.405615
211000022278546	2668	0.356447
211000022278547	1195	0.342259
211000022278548	1415	0.561131
211000022278549	11743	0.166738
211000022278550	1466	0.338336
211000022278556	5323	0.411234
211000022278558	1416	0.378531
211000022278559	1719	0.396742
211000022278562	1035	0.489855
211000022278568	1432	0.347765
211000022278569	1198	0.510017
211000022278571	1054	0.0379507
211000022278573	1082	0.352126
211000022278574	1297	0.331534
211000022278575	1374	0.355167
211000022278576	1001	0.168831
211000022278580	1270	0.365354
211000022278582	1229	0.45891
211000022278585	1020	0.292157
211000022278588	1030	0.367961
211000022278589	2005	0.337656
211000022278592	1081	0.343201
211000022278593	1391	0.364486
211000022278594	1502	0.389481
211000022278597	1567	0.403957
211000022278599	1042	0.455854
211000022278600	1072	0.38806
211000022278602	3681	0.328715
211000022278604	1280	0.292969
211000022278641	1047	0.385864
211000022278650	1007	0.347567
211000022278651	1222	0.373159
211000022278652	2185	0.346911
211000022278653	14006	0.169427
211000022278668	1190	0.328571
211000022278675	3950	0.473165
211000022278680	1030	0.427184
211000022278686	11126	0.102373
211000022278688	1173	0.479966
211000022278689	1373	0.305171
211000022278697	3708	0.326321
211000022278699	1063	0.412041
211000022278702	1179	0.313825
211000022278707	2027	0.378885
211000022278708	1161	0.491817
211000022278714	1308	0.329511
211000022278716	2383	0.470835
211000022278717	1247	0.396151
211000022278718	1006	0.464215
211000022278720	1059	0.371105
211000022278721	1490	0.368456
211000022278723	4295	0.362515
211000022278727	1231	0.35987
211000022278729	1205	0.307884
211000022278730	1074	0.403166
211000022278732	2617	0.284677
211000022278733	1518	0.345191
211000022278735	1294	0.315301
211000022278738	2570	0.339689
211000022278740	2491	0.379767
211000022278744	2991	0.373454
211000022278745	1140	0.335965
211000022278747	1120	0.409821
211000022278748	1208	0.389901
211000022278750	1134	0.421517
211000022278751	1124	0.453737
211000022278754	1610	0.342857
211000022278755	1225	0.385306
211000022278757	1347	0.371938
211000022278758	1223	0.392478
211000022278759	1018	0.562868
211000022278761	1084	0.425277
211000022278768	3477	0.363819
211000022278769	1194	0.330821
211000022278773	1263	0.475851
211000022278776	1076	0.423792
211000022278777	12354	0.0904161
211000022278780	2033	0.359075
211000022278781	1167	0.377035
211000022278785	3080	0.358442
211000022278786	1504	0.388298
211000022278788	1130	0.315929
211000022278790	2733	0.319063
211000022278793	1344	0.411458
211000022278794	2783	0.458139
211000022278804	1047	0.541547
211000022278807	1139	0.402985
211000022278808	1240	0.38629
211000022278848	1251	0.42446
211000022278849	11569	0.0764111
211000022278862	1103	0.225748
211000022278865	1328	0.499247
211000022278870	1150	0.37913
211000022278875	13906	0.158637
211000022278883	2984	0.446046
211000022278884	1027	0.48296
211000022278887	1258	0.32194
211000022278890	1926	0.195742
211000022278891	1550	0.246452
211000022278898	1025	0.44
211000022278899	1304	0.430215
211000022278901	1160	0.502586
211000022278903	1075	0.428837
211000022278915	1302	0.341782
211000022278916	12399	0.130333
211000022278917	1075	0.295814
211000022278919	2081	0.412302
211000022278922	2033	0.384653
211000022278923	2791	0.370118
211000022278927	2521	0.324871
211000022278928	1139	0.437226
211000022278929	1905	0.315486
211000022278932	1262	0.308241
211000022278934	2344	0.324659
211000022278937	2626	0.32559
211000022278940	1168	0.444349
211000022278943	1241	0.468171
211000022278944	1117	0.306177
211000022278945	3864	0.338509
211000022278946	1158	0.360104
211000022278947	1521	0.546351
211000022278948	1029	0.251701
211000022278949	1412	0.389518
211000022278952	2903	0.291078
211000022278953	2227	0.456219
211000022278958	1133	0.350397
211000022278960	5182	0.346198
211000022278962	1293	0.444702
211000022278963	2541	0.484455
211000022278966	4225	0.331361
211000022278968	2105	0.477435
211000022278969	1608	0.406095
211000022278970	1035	0.316908
211000022278972	1025	0.347317
211000022278973	1264	0.398734
211000022278974	14199	0.226424
211000022278977	1131	0.28382
211000022278979	1611	0.35568
211000022278980	1278	0.3482
211000022278982	1976	0.365385
211000022278983	1041	0.422671
211000022278988	1872	0.339744
211000022278989	1056	0.523674
211000022278992	1728	0.476273
211000022278993	1263	0.205859
211000022278996	1043	0.425695
211000022279000	2394	0.537176
211000022279001	12002	0.0879853
211000022279002	1826	0.524096
211000022279003	2588	0.52898
211000022279013	1076	0.359665
211000022279014	1109	0.28404
211000022279015	1263	0.366587
211000022279016	1001	0.338661
211000022279017	1219	0.328138
211000022279021	2881	0.437348
211000022279022	12632	0.123496
211000022279023	1374	0.391557
211000022279029	1882	0.427205
211000022279039	2190	0.442009
211000022279040	1581	0.428843
211000022279042	1117	0.400179
211000022279044	2092	0.398662
211000022279048	1299	0.379523
211000022279049	1754	0.322691
211000022279050	1035	0.31401
211000022279051	1097	0.309936
211000022279052	4188	0.305874
211000022279053	1035	0.3343
211000022279056	2547	0.430703
211000022279057	1098	0.391621
211000022279058	2352	0.487245
211000022279061	2884	0.404993
211000022279069	1157	0.337079
211000022279070	2447	0.221087
211000022279087	1289	0.41505
211000022279088	1132	0.365724
211000022279089	544	0.169118
211000022279091	4377	0.411012
211000022279094	13317	0.196891
211000022279100	1352	0.446006
211000022279102	1110	0.495495
211000022279114	14983	0.180471
211000022279115	1135	0.303084
211000022279120	1026	0.270955
211000022279121	1785	0.367507
211000022279124	1236	0.401294
211000022279125	1132	0.338339
211000022279126	2487	0.374749
211000022279127	1200	0.449167
211000022279128	1225	0.363265
211000022279132	1005	0.336318
211000022279135	1159	0.509922
211000022279141	1076	0.324349
211000022279143	1304	0.384969
211000022279144	1231	0.402924
211000022279146	12856	0.15697
211000022279149	1064	0.320489
211000022279151	1090	0.333028
211000022279152	1468	0.334469
211000022279154	1079	0.504171
211000022279160	1103	0.37262
211000022279162	1998	0.352853
211000022279168	1045	0.385646
211000022279172	1253	0.453312
211000022279175	1144	0.47465
211000022279177	6076	0.411784
211000022279178	2438	0.440935
211000022279179	3073	0.421738
211000022279180	1011	0.30366
211000022279182	1277	0.306186
211000022279183	1231	0.386677
211000022279185	1210	0.352893
211000022279189	11958	0.186904
211000022279192	1843	0.432447
211000022279193	2462	0.436637
211000022279195	1022	0.40998
211000022279197	2369	0.346138
211000022279198	2030	0.324631
211000022279199	1872	0.390491
211000022279200	1008	0.35119
211000022279203	1116	0.442652
211000022279207	1484	0.440027
211000022279208	1761	0.416241
211000022279212	1126	0.361456
211000022279214	2555	0.307241
211000022279215	1012	0.305336
211000022279217	1966	0.346897
211000022279218	1246	0.388443
211000022279221	1119	0.266309
211000022279228	1933	0.526643
211000022279229	3490	0.526648
211000022279230	1775	0.428732
211000022279232	1148	0.355401
211000022279233	2647	0.338119
211000022279237	2010	0.374129
211000022279239	2937	0.567926
211000022279240	1119	0.577301
211000022279242	1062	0.439736
211000022279243	3807	0.365642
211000022279246	1538	0.314044
211000022279247	2382	0.324517
211000022279252	1077	0.273909
211000022279257	5360	0.520709
211000022279258	1048	0.419847
211000022279259	2379	0.297604
211000022279262	1022	0.388454
211000022279267	1234	0.443274
211000022279274	1333	0.414104
211000022279276	15522	0.216918
211000022279282	1975	0.369114
211000022279284	3196	0.43617
211000022279285	1903	0.400946
211000022279288	2858	0.305108
211000022279289	1022	0.293542
211000022279311	2790	0.327957
211000022279317	1178	0.497453
211000022279318	1287	0.470862
211000022279324	1369	0.375457
211000022279325	1114	0.43088
211000022279329	1041	0.386167
211000022279336	1094	0.404022
211000022279337	1734	0.399654
211000022279343	1315	0.403042
211000022279345	12459	0.138294
211000022279351	1026	0.341131
211000022279353	1006	0.405567
211000022279354	1304	0.309049
211000022279355	1105	0.504072
211000022279356	1031	0.443259
211000022279358	1185	0.3173
211000022279359	1105	0.359276
211000022279360	1173	0.310315
211000022279361	1142	0.313485
211000022279362	1311	0.392067
211000022279365	1356	0.374631
211000022279366	1924	0.404886
211000022279369	1080	0.376852
211000022279374	1088	0.340074
211000022279375	1179	0.329092
211000022279378	1271	0.29583
211000022279380	5465	0.4172
211000022279384	1005	0.420896
211000022279393	1377	0.412491
211000022279394	3201	0.32115
211000022279396	4370	0.47643
211000022279400	1118	0.386404
211000022279405	1066	0.404315
211000022279406	1186	0.360877
211000022279407	1125	0.344
211000022279409	1004	0.361554
211000022279411	1278	0.558685
211000022279412	1235	0.344939
211000022279413	1202	0.485857
211000022279414	1108	0.470217
211000022279415	1347	0.484039
211000022279416	2795	0.470841
211000022279417	1233	0.481752
211000022279418	1139	0.503951
211000022279420	12654	0.168879
211000022279421	1339	0.335325
211000022279422	1139	0.338016
211000022279423	11220	0.07959
211000022279424	1049	0.372736
211000022279425	1203	0.464672
211000022279430	1070	0.326168
211000022279431	3434	0.35265
211000022279432	1249	0.432346
211000022279433	1377	0.340595
211000022279436	2421	0.318463
211000022279441	1266	0.372038
211000022279442	2922	0.393908
211000022279443	1039	0.3436
211000022279444	1193	0.373009
211000022279445	1203	0.373234
211000022279448	1156	0.601211
211000022279449	4815	0.401246
211000022279453	4888	0.361498
211000022279454	1408	0.354403
211000022279456	12095	0.127491
211000022279462	1197	0.510443
211000022279464	1411	0.340184
211000022279465	1045	0.420096
211000022279469	1154	0.380416
211000022279470	2105	0.390499
211000022279473	1901	0.360337
211000022279474	1154	0.470537
211000022279476	2187	0.395976
211000022279477	3716	0.47605
211000022279479	2248	0.184609
211000022279481	1770	0.354237
211000022279483	2574	0.37296
211000022279487	1151	0.364031
211000022279488	2911	0.286843
211000022279490	1685	0.535905
211000022279493	1118	0.427549
211000022279498	1192	0.493289
211000022279503	12536	0.19089
211000022279506	1053	0.409307
211000022279507	1422	0.369902
211000022279508	1188	0.385522
211000022279509	1461	0.316222
211000022279510	1107	0.554652
211000022279513	2556	0.301252
211000022279516	1323	0.303855
211000022279523	11807	0.165072
211000022279526	1023	0.443793
211000022279527	2787	0.448152
211000022279533	1088	0.452206
211000022279549	1166	0.368782
211000022279551	1087	0.342226
211000022279554	1212	0.556106
211000022279556	13256	0.183238
211000022279559	5189	0.338794
211000022279562	2736	0.402412
211000022279564	1126	0.325933
211000022279569	1083	0.391505
211000022279572	1053	0.362773
211000022279573	2520	0.372619
211000022279574	1854	0.52589
211000022279580	1285	0.35642
211000022279584	1063	0.401693
211000022279590	1224	0.493464
211000022279591	1205	0.349378
211000022279592	1069	0.395697
211000022279593	1379	0.37926
211000022279599	1032	0.403101
211000022279603	1140	0.348246
211000022279606	3284	0.436054
211000022279609	1015	0.274877
211000022279612	2328	0.539519
211000022279615	1260	0.473016
211000022279618	1116	0.463262
211000022279619	1492	0.467828
211000022279622	1179	0.497031
211000022279623	2788	0.333572
211000022279624	1070	0.327103
211000022279626	1016	0.285433
211000022279627	1929	0.334889
211000022279628	1961	0.350331
211000022279631	1185	0.366245
211000022279632	1117	0.496867
211000022279633	1800	0.493333
211000022279635	2385	0.36478
211000022279637	12142	0.128315
211000022279641	2064	0.491279
211000022279644	1018	0.462672
211000022279648	1209	0.45823
211000022279651	2434	0.356204
211000022279652	1124	0.551601
211000022279653	2688	0.326637
211000022279654	1995	0.315789
211000022279655	1163	0.378332
211000022279656	1274	0.336735
211000022279657	1917	0.360459
211000022279659	1103	0.417044
211000022279660	1186	0.278246
211000022279663	2124	0.333804
211000022279664	1462	0.43844
211000022279666	1115	0.313004
211000022279668	1169	0.431993
211000022279671	1532	0.360313
211000022279672	1089	0.302112
211000022279675	3858	0.529808
211000022279682	1224	0.443627
211000022279684	1129	0.386182
211000022279685	1332	0.387387
211000022279696	1464	0.333333
211000022279710	2517	0.425904
211000022279712	1988	0.453722
211000022279722	1148	0.408537
211000022279723	1290	0.362791
211000022279724	1270	0.494488
211000022279726	1154	0.363085
211000022279727	1064	0.332707
211000022279728	1234	0.337925
211000022279729	1208	0.350166
211000022279733	2050	0.346829
211000022279736	1016	0.389764
211000022279737	1384	0.387283
211000022279738	1189	0.343987
211000022279740	1042	0.474088
211000022279741	1016	0.427165
211000022279742	1069	0.318054
211000022279747	1134	0.309524
211000022279748	1430	0.360839
211000022279749	1424	0.385534
211000022279750	3871	0.428313
211000022279754	12827	0.109379
211000022279756	2117	0.378838
211000022279758	1193	0.33948
211000022279761	2957	0.372337
211000022279769	1117	0.377798
211000022279770	1280	0.338281
211000022279771	1043	0.310642
211000022279777	3123	0.371758
211000022279778	1226	0.340131
211000022279780	2428	0.386326
211000022279781	1083	0.330563
211000022279782	1058	0.44896
211000022279784	3058	0.481033
211000022279785	1019	0.410206
211000022279787	2308	0.443241
211000022279788	1667	0.409118
211000022279789	1191	0.450882
211000022279792	1014	0.361933
211000022279793	1451	0.339766
211000022279804	2087	0.330139
211000022279805	1275	0.426667
211000022279807	2102	0.360609
211000022279809	1021	0.332027
211000022279811	1174	0.337308
211000022279812	3466	0.340739
211000022279814	1055	0.326066
211000022279819	1207	0.444905
211000022279820	1990	0.425126
211000022279824	1080	0.47963
211000022279829	12424	0.146732
211000022279837	2971	0.432178
211000022279839	1610	0.363975
211000022279842	1543	0.386261
211000022279844	3649	0.303097
211000022279845	1116	0.310932
211000022279851	1976	0.327935
211000022279853	1205	0.33444
211000022279855	4272	0.341292
211000022279856	1261	0.416336
211000022279867	2860	0.445804
211000022279871	1337	0.448766
211000022279874	1114	0.561939
211000022279875	1446	0.467497
211000022279877	3373	0.348948
211000022279879	6396	0.359756
211000022279880	1091	0.454629
211000022279884	5915	0.453762
211000022279885	1053	0.336182
211000022279887	4310	0.390951
211000022279889	1966	0.347406
211000022279890	1381	0.319334
211000022279892	13553	0.194422
211000022279893	12034	0.114343
211000022279896	1703	0.351145
211000022279899	1129	0.395926
211000022279900	1947	0.423729
211000022279904	1467	0.446489
211000022279906	1033	0.362052
211000022279909	2429	0.377522
211000022279911	2703	0.397336
211000022279913	4939	0.38854
211000022279921	1869	0.319422
211000022279923	1106	0.331826
211000022279926	1279	0.485536
211000022279927	1060	0.383962
211000022279928	4967	0.397826
211000022279929	2207	0.478931
211000022279931	1724	0.414733
211000022279933	1108	0.4287
211000022279934	1643	0.31832
211000022279940	4361	0.442559
