Length	Assembly
0	Iso1_Assembly
25821138	Iso1_Assembly
24627096	Iso1_Assembly
23014838	Iso1_Assembly
21715751	Iso1_Assembly
18349355	Iso1_Assembly
7593870	Iso1_Assembly
2420129	Iso1_Assembly
2179152	Iso1_Assembly
2142100	Iso1_Assembly
2017275	Iso1_Assembly
1911336	Iso1_Assembly
1812074	Iso1_Assembly
1357808	Iso1_Assembly
1297818	Iso1_Assembly
1204153	Iso1_Assembly
1192196	Iso1_Assembly
1028380	Iso1_Assembly
886052	Iso1_Assembly
816551	Iso1_Assembly
799643	Iso1_Assembly
793974	Iso1_Assembly
749300	Iso1_Assembly
748487	Iso1_Assembly
658670	Iso1_Assembly
597064	Iso1_Assembly
541660	Iso1_Assembly
522054	Iso1_Assembly
518745	Iso1_Assembly
508692	Iso1_Assembly
505115	Iso1_Assembly
441753	Iso1_Assembly
385577	Iso1_Assembly
356006	Iso1_Assembly
347906	Iso1_Assembly
334027	Iso1_Assembly
291050	Iso1_Assembly
259429	Iso1_Assembly
252970	Iso1_Assembly
251516	Iso1_Assembly
242986	Iso1_Assembly
205730	Iso1_Assembly
192582	Iso1_Assembly
188261	Iso1_Assembly
174237	Iso1_Assembly
173535	Iso1_Assembly
166948	Iso1_Assembly
166598	Iso1_Assembly
164293	Iso1_Assembly
159250	Iso1_Assembly
152688	Iso1_Assembly
149226	Iso1_Assembly
148839	Iso1_Assembly
148324	Iso1_Assembly
140664	Iso1_Assembly
140386	Iso1_Assembly
130705	Iso1_Assembly
119807	Iso1_Assembly
118897	Iso1_Assembly
116942	Iso1_Assembly
114051	Iso1_Assembly
108408	Iso1_Assembly
101449	Iso1_Assembly
95926	Iso1_Assembly
92253	Iso1_Assembly
89278	Iso1_Assembly
89204	Iso1_Assembly
86734	Iso1_Assembly
85545	Iso1_Assembly
85004	Iso1_Assembly
84209	Iso1_Assembly
82718	Iso1_Assembly
81496	Iso1_Assembly
80748	Iso1_Assembly
78557	Iso1_Assembly
73339	Iso1_Assembly
73199	Iso1_Assembly
72549	Iso1_Assembly
72240	Iso1_Assembly
70963	Iso1_Assembly
69837	Iso1_Assembly
68868	Iso1_Assembly
67858	Iso1_Assembly
66145	Iso1_Assembly
65797	Iso1_Assembly
64658	Iso1_Assembly
63981	Iso1_Assembly
62085	Iso1_Assembly
60482	Iso1_Assembly
59759	Iso1_Assembly
59545	Iso1_Assembly
58474	Iso1_Assembly
56770	Iso1_Assembly
56599	Iso1_Assembly
55486	Iso1_Assembly
55011	Iso1_Assembly
54604	Iso1_Assembly
54355	Iso1_Assembly
54273	Iso1_Assembly
53152	Iso1_Assembly
51298	Iso1_Assembly
50233	Iso1_Assembly
47527	Iso1_Assembly
47358	Iso1_Assembly
46559	Iso1_Assembly
46516	Iso1_Assembly
46370	Iso1_Assembly
45899	Iso1_Assembly
45072	Iso1_Assembly
44964	Iso1_Assembly
41089	Iso1_Assembly
39082	Iso1_Assembly
38931	Iso1_Assembly
38777	Iso1_Assembly
38477	Iso1_Assembly
38403	Iso1_Assembly
37441	Iso1_Assembly
37357	Iso1_Assembly
37335	Iso1_Assembly
37106	Iso1_Assembly
36957	Iso1_Assembly
36757	Iso1_Assembly
36719	Iso1_Assembly
36705	Iso1_Assembly
36137	Iso1_Assembly
36095	Iso1_Assembly
35782	Iso1_Assembly
34463	Iso1_Assembly
34190	Iso1_Assembly
34055	Iso1_Assembly
33344	Iso1_Assembly
32962	Iso1_Assembly
32659	Iso1_Assembly
31794	Iso1_Assembly
31399	Iso1_Assembly
31258	Iso1_Assembly
30485	Iso1_Assembly
29401	Iso1_Assembly
29256	Iso1_Assembly
28878	Iso1_Assembly
28664	Iso1_Assembly
26733	Iso1_Assembly
25676	Iso1_Assembly
25628	Iso1_Assembly
25496	Iso1_Assembly
24909	Iso1_Assembly
23340	Iso1_Assembly
23334	Iso1_Assembly
21701	Iso1_Assembly
0	FlyBase_Scaffold
32079331	FlyBase_Scaffold
28110227	FlyBase_Scaffold
25286936	FlyBase_Scaffold
23542271	FlyBase_Scaffold
23513712	FlyBase_Scaffold
3667352	FlyBase_Scaffold
1348131	FlyBase_Scaffold
88768	FlyBase_Scaffold
87365	FlyBase_Scaffold
86267	FlyBase_Scaffold
76973	FlyBase_Scaffold
76224	FlyBase_Scaffold
73091	FlyBase_Scaffold
66731	FlyBase_Scaffold
66439	FlyBase_Scaffold
62570	FlyBase_Scaffold
57785	FlyBase_Scaffold
50625	FlyBase_Scaffold
47411	FlyBase_Scaffold
46986	FlyBase_Scaffold
45120	FlyBase_Scaffold
44411	FlyBase_Scaffold
44104	FlyBase_Scaffold
43383	FlyBase_Scaffold
39041	FlyBase_Scaffold
37106	FlyBase_Scaffold
36913	FlyBase_Scaffold
36482	FlyBase_Scaffold
34521	FlyBase_Scaffold
34359	FlyBase_Scaffold
33320	FlyBase_Scaffold
33316	FlyBase_Scaffold
31460	FlyBase_Scaffold
29583	FlyBase_Scaffold
28305	FlyBase_Scaffold
27456	FlyBase_Scaffold
27447	FlyBase_Scaffold
26115	FlyBase_Scaffold
25840	FlyBase_Scaffold
25805	FlyBase_Scaffold
25698	FlyBase_Scaffold
25560	FlyBase_Scaffold
25537	FlyBase_Scaffold
24503	FlyBase_Scaffold
24380	FlyBase_Scaffold
23238	FlyBase_Scaffold
22882	FlyBase_Scaffold
22604	FlyBase_Scaffold
21921	FlyBase_Scaffold
21074	FlyBase_Scaffold
20763	FlyBase_Scaffold
19956	FlyBase_Scaffold
19524	FlyBase_Scaffold
18299	FlyBase_Scaffold
16157	FlyBase_Scaffold
15522	FlyBase_Scaffold
15417	FlyBase_Scaffold
15068	FlyBase_Scaffold
14983	FlyBase_Scaffold
14687	FlyBase_Scaffold
14503	FlyBase_Scaffold
14199	FlyBase_Scaffold
14098	FlyBase_Scaffold
14028	FlyBase_Scaffold
14006	FlyBase_Scaffold
13940	FlyBase_Scaffold
13935	FlyBase_Scaffold
13906	FlyBase_Scaffold
13553	FlyBase_Scaffold
13549	FlyBase_Scaffold
13501	FlyBase_Scaffold
13455	FlyBase_Scaffold
13455	FlyBase_Scaffold
13416	FlyBase_Scaffold
13394	FlyBase_Scaffold
13317	FlyBase_Scaffold
13256	FlyBase_Scaffold
13234	FlyBase_Scaffold
13157	FlyBase_Scaffold
13108	FlyBase_Scaffold
13079	FlyBase_Scaffold
12856	FlyBase_Scaffold
12848	FlyBase_Scaffold
12827	FlyBase_Scaffold
12714	FlyBase_Scaffold
12681	FlyBase_Scaffold
12654	FlyBase_Scaffold
12632	FlyBase_Scaffold
12632	FlyBase_Scaffold
12536	FlyBase_Scaffold
12513	FlyBase_Scaffold
12459	FlyBase_Scaffold
12424	FlyBase_Scaffold
12424	FlyBase_Scaffold
12399	FlyBase_Scaffold
12368	FlyBase_Scaffold
12354	FlyBase_Scaffold
12187	FlyBase_Scaffold
12148	FlyBase_Scaffold
12142	FlyBase_Scaffold
12095	FlyBase_Scaffold
12034	FlyBase_Scaffold
12027	FlyBase_Scaffold
12002	FlyBase_Scaffold
12001	FlyBase_Scaffold
11985	FlyBase_Scaffold
11983	FlyBase_Scaffold
11958	FlyBase_Scaffold
11951	FlyBase_Scaffold
11807	FlyBase_Scaffold
11763	FlyBase_Scaffold
11743	FlyBase_Scaffold
11569	FlyBase_Scaffold
11522	FlyBase_Scaffold
11498	FlyBase_Scaffold
11430	FlyBase_Scaffold
11220	FlyBase_Scaffold
11148	FlyBase_Scaffold
11126	FlyBase_Scaffold
10091	FlyBase_Scaffold
9865	FlyBase_Scaffold
9368	FlyBase_Scaffold
9341	FlyBase_Scaffold
8346	FlyBase_Scaffold
8007	FlyBase_Scaffold
7722	FlyBase_Scaffold
7314	FlyBase_Scaffold
7123	FlyBase_Scaffold
7003	FlyBase_Scaffold
6936	FlyBase_Scaffold
6900	FlyBase_Scaffold
6860	FlyBase_Scaffold
6860	FlyBase_Scaffold
6825	FlyBase_Scaffold
6698	FlyBase_Scaffold
6546	FlyBase_Scaffold
6396	FlyBase_Scaffold
6294	FlyBase_Scaffold
6237	FlyBase_Scaffold
6193	FlyBase_Scaffold
6076	FlyBase_Scaffold
6062	FlyBase_Scaffold
6041	FlyBase_Scaffold
6000	FlyBase_Scaffold
5984	FlyBase_Scaffold
5968	FlyBase_Scaffold
5952	FlyBase_Scaffold
5915	FlyBase_Scaffold
5891	FlyBase_Scaffold
5832	FlyBase_Scaffold
5772	FlyBase_Scaffold
5698	FlyBase_Scaffold
5564	FlyBase_Scaffold
5555	FlyBase_Scaffold
5520	FlyBase_Scaffold
5465	FlyBase_Scaffold
5463	FlyBase_Scaffold
5387	FlyBase_Scaffold
5383	FlyBase_Scaffold
5360	FlyBase_Scaffold
5324	FlyBase_Scaffold
5323	FlyBase_Scaffold
5316	FlyBase_Scaffold
5281	FlyBase_Scaffold
5232	FlyBase_Scaffold
5189	FlyBase_Scaffold
5182	FlyBase_Scaffold
5098	FlyBase_Scaffold
5061	FlyBase_Scaffold
5060	FlyBase_Scaffold
5057	FlyBase_Scaffold
5026	FlyBase_Scaffold
5000	FlyBase_Scaffold
4996	FlyBase_Scaffold
4994	FlyBase_Scaffold
4986	FlyBase_Scaffold
4967	FlyBase_Scaffold
4939	FlyBase_Scaffold
4933	FlyBase_Scaffold
4917	FlyBase_Scaffold
4903	FlyBase_Scaffold
4888	FlyBase_Scaffold
4879	FlyBase_Scaffold
4865	FlyBase_Scaffold
4820	FlyBase_Scaffold
4815	FlyBase_Scaffold
4785	FlyBase_Scaffold
4705	FlyBase_Scaffold
4701	FlyBase_Scaffold
4608	FlyBase_Scaffold
4581	FlyBase_Scaffold
4573	FlyBase_Scaffold
4553	FlyBase_Scaffold
4515	FlyBase_Scaffold
4471	FlyBase_Scaffold
4465	FlyBase_Scaffold
4452	FlyBase_Scaffold
4436	FlyBase_Scaffold
4400	FlyBase_Scaffold
4395	FlyBase_Scaffold
4381	FlyBase_Scaffold
4378	FlyBase_Scaffold
4377	FlyBase_Scaffold
4370	FlyBase_Scaffold
4361	FlyBase_Scaffold
4336	FlyBase_Scaffold
4310	FlyBase_Scaffold
4310	FlyBase_Scaffold
4305	FlyBase_Scaffold
4295	FlyBase_Scaffold
4289	FlyBase_Scaffold
4273	FlyBase_Scaffold
4272	FlyBase_Scaffold
4256	FlyBase_Scaffold
4231	FlyBase_Scaffold
4225	FlyBase_Scaffold
4222	FlyBase_Scaffold
4222	FlyBase_Scaffold
4202	FlyBase_Scaffold
4197	FlyBase_Scaffold
4188	FlyBase_Scaffold
4183	FlyBase_Scaffold
4182	FlyBase_Scaffold
4163	FlyBase_Scaffold
4150	FlyBase_Scaffold
4135	FlyBase_Scaffold
4085	FlyBase_Scaffold
4081	FlyBase_Scaffold
4072	FlyBase_Scaffold
4059	FlyBase_Scaffold
4030	FlyBase_Scaffold
4013	FlyBase_Scaffold
4012	FlyBase_Scaffold
4006	FlyBase_Scaffold
3991	FlyBase_Scaffold
3984	FlyBase_Scaffold
3970	FlyBase_Scaffold
3964	FlyBase_Scaffold
3960	FlyBase_Scaffold
3950	FlyBase_Scaffold
3941	FlyBase_Scaffold
3932	FlyBase_Scaffold
3926	FlyBase_Scaffold
3924	FlyBase_Scaffold
3921	FlyBase_Scaffold
3913	FlyBase_Scaffold
3913	FlyBase_Scaffold
3906	FlyBase_Scaffold
3871	FlyBase_Scaffold
3864	FlyBase_Scaffold
3858	FlyBase_Scaffold
3818	FlyBase_Scaffold
3807	FlyBase_Scaffold
3806	FlyBase_Scaffold
3806	FlyBase_Scaffold
3775	FlyBase_Scaffold
3755	FlyBase_Scaffold
3745	FlyBase_Scaffold
3737	FlyBase_Scaffold
3730	FlyBase_Scaffold
3717	FlyBase_Scaffold
3716	FlyBase_Scaffold
3713	FlyBase_Scaffold
3708	FlyBase_Scaffold
3681	FlyBase_Scaffold
3660	FlyBase_Scaffold
3650	FlyBase_Scaffold
3649	FlyBase_Scaffold
3648	FlyBase_Scaffold
3646	FlyBase_Scaffold
3638	FlyBase_Scaffold
3622	FlyBase_Scaffold
3622	FlyBase_Scaffold
3603	FlyBase_Scaffold
3603	FlyBase_Scaffold
3602	FlyBase_Scaffold
3593	FlyBase_Scaffold
3582	FlyBase_Scaffold
3574	FlyBase_Scaffold
3557	FlyBase_Scaffold
3554	FlyBase_Scaffold
3553	FlyBase_Scaffold
3553	FlyBase_Scaffold
3553	FlyBase_Scaffold
3537	FlyBase_Scaffold
3527	FlyBase_Scaffold
3527	FlyBase_Scaffold
3523	FlyBase_Scaffold
3519	FlyBase_Scaffold
3503	FlyBase_Scaffold
3502	FlyBase_Scaffold
3499	FlyBase_Scaffold
3498	FlyBase_Scaffold
3490	FlyBase_Scaffold
3478	FlyBase_Scaffold
3477	FlyBase_Scaffold
3473	FlyBase_Scaffold
3466	FlyBase_Scaffold
3463	FlyBase_Scaffold
3458	FlyBase_Scaffold
3434	FlyBase_Scaffold
3402	FlyBase_Scaffold
3396	FlyBase_Scaffold
3389	FlyBase_Scaffold
3386	FlyBase_Scaffold
3375	FlyBase_Scaffold
3374	FlyBase_Scaffold
3373	FlyBase_Scaffold
3365	FlyBase_Scaffold
3348	FlyBase_Scaffold
3347	FlyBase_Scaffold
3341	FlyBase_Scaffold
3313	FlyBase_Scaffold
3308	FlyBase_Scaffold
3302	FlyBase_Scaffold
3299	FlyBase_Scaffold
3290	FlyBase_Scaffold
3284	FlyBase_Scaffold
3277	FlyBase_Scaffold
3275	FlyBase_Scaffold
3268	FlyBase_Scaffold
3262	FlyBase_Scaffold
3259	FlyBase_Scaffold
3259	FlyBase_Scaffold
3254	FlyBase_Scaffold
3252	FlyBase_Scaffold
3234	FlyBase_Scaffold
3227	FlyBase_Scaffold
3223	FlyBase_Scaffold
3218	FlyBase_Scaffold
3213	FlyBase_Scaffold
3209	FlyBase_Scaffold
3206	FlyBase_Scaffold
3201	FlyBase_Scaffold
3201	FlyBase_Scaffold
3197	FlyBase_Scaffold
3196	FlyBase_Scaffold
3195	FlyBase_Scaffold
3190	FlyBase_Scaffold
3174	FlyBase_Scaffold
3173	FlyBase_Scaffold
3171	FlyBase_Scaffold
3162	FlyBase_Scaffold
3159	FlyBase_Scaffold
3157	FlyBase_Scaffold
3156	FlyBase_Scaffold
3154	FlyBase_Scaffold
3144	FlyBase_Scaffold
3129	FlyBase_Scaffold
3123	FlyBase_Scaffold
3123	FlyBase_Scaffold
3120	FlyBase_Scaffold
3102	FlyBase_Scaffold
3100	FlyBase_Scaffold
3100	FlyBase_Scaffold
3089	FlyBase_Scaffold
3085	FlyBase_Scaffold
3080	FlyBase_Scaffold
3080	FlyBase_Scaffold
3077	FlyBase_Scaffold
3076	FlyBase_Scaffold
3073	FlyBase_Scaffold
3073	FlyBase_Scaffold
3065	FlyBase_Scaffold
3059	FlyBase_Scaffold
3058	FlyBase_Scaffold
3046	FlyBase_Scaffold
3044	FlyBase_Scaffold
3043	FlyBase_Scaffold
3025	FlyBase_Scaffold
3024	FlyBase_Scaffold
3013	FlyBase_Scaffold
3010	FlyBase_Scaffold
3009	FlyBase_Scaffold
3002	FlyBase_Scaffold
2999	FlyBase_Scaffold
2999	FlyBase_Scaffold
2996	FlyBase_Scaffold
2991	FlyBase_Scaffold
2984	FlyBase_Scaffold
2982	FlyBase_Scaffold
2982	FlyBase_Scaffold
2971	FlyBase_Scaffold
2964	FlyBase_Scaffold
2957	FlyBase_Scaffold
2956	FlyBase_Scaffold
2945	FlyBase_Scaffold
2943	FlyBase_Scaffold
2937	FlyBase_Scaffold
2937	FlyBase_Scaffold
2928	FlyBase_Scaffold
2927	FlyBase_Scaffold
2926	FlyBase_Scaffold
2924	FlyBase_Scaffold
2922	FlyBase_Scaffold
2922	FlyBase_Scaffold
2919	FlyBase_Scaffold
2916	FlyBase_Scaffold
2914	FlyBase_Scaffold
2911	FlyBase_Scaffold
2910	FlyBase_Scaffold
2905	FlyBase_Scaffold
2904	FlyBase_Scaffold
2903	FlyBase_Scaffold
2899	FlyBase_Scaffold
2893	FlyBase_Scaffold
2889	FlyBase_Scaffold
2884	FlyBase_Scaffold
2882	FlyBase_Scaffold
2882	FlyBase_Scaffold
2882	FlyBase_Scaffold
2881	FlyBase_Scaffold
2877	FlyBase_Scaffold
2876	FlyBase_Scaffold
2871	FlyBase_Scaffold
2860	FlyBase_Scaffold
2860	FlyBase_Scaffold
2858	FlyBase_Scaffold
2855	FlyBase_Scaffold
2849	FlyBase_Scaffold
2848	FlyBase_Scaffold
2846	FlyBase_Scaffold
2844	FlyBase_Scaffold
2841	FlyBase_Scaffold
2836	FlyBase_Scaffold
2834	FlyBase_Scaffold
2833	FlyBase_Scaffold
2830	FlyBase_Scaffold
2829	FlyBase_Scaffold
2828	FlyBase_Scaffold
2825	FlyBase_Scaffold
2823	FlyBase_Scaffold
2822	FlyBase_Scaffold
2822	FlyBase_Scaffold
2820	FlyBase_Scaffold
2819	FlyBase_Scaffold
2815	FlyBase_Scaffold
2814	FlyBase_Scaffold
2811	FlyBase_Scaffold
2804	FlyBase_Scaffold
2799	FlyBase_Scaffold
2796	FlyBase_Scaffold
2795	FlyBase_Scaffold
2795	FlyBase_Scaffold
2794	FlyBase_Scaffold
2793	FlyBase_Scaffold
2793	FlyBase_Scaffold
2791	FlyBase_Scaffold
2790	FlyBase_Scaffold
2788	FlyBase_Scaffold
2787	FlyBase_Scaffold
2784	FlyBase_Scaffold
2783	FlyBase_Scaffold
2781	FlyBase_Scaffold
2765	FlyBase_Scaffold
2762	FlyBase_Scaffold
2751	FlyBase_Scaffold
2750	FlyBase_Scaffold
2745	FlyBase_Scaffold
2744	FlyBase_Scaffold
2736	FlyBase_Scaffold
2733	FlyBase_Scaffold
2728	FlyBase_Scaffold
2709	FlyBase_Scaffold
2708	FlyBase_Scaffold
2703	FlyBase_Scaffold
2698	FlyBase_Scaffold
2697	FlyBase_Scaffold
2694	FlyBase_Scaffold
2689	FlyBase_Scaffold
2688	FlyBase_Scaffold
2688	FlyBase_Scaffold
2686	FlyBase_Scaffold
2671	FlyBase_Scaffold
2670	FlyBase_Scaffold
2669	FlyBase_Scaffold
2668	FlyBase_Scaffold
2665	FlyBase_Scaffold
2664	FlyBase_Scaffold
2647	FlyBase_Scaffold
2644	FlyBase_Scaffold
2642	FlyBase_Scaffold
2641	FlyBase_Scaffold
2639	FlyBase_Scaffold
2637	FlyBase_Scaffold
2636	FlyBase_Scaffold
2635	FlyBase_Scaffold
2629	FlyBase_Scaffold
2628	FlyBase_Scaffold
2626	FlyBase_Scaffold
2618	FlyBase_Scaffold
2617	FlyBase_Scaffold
2612	FlyBase_Scaffold
2611	FlyBase_Scaffold
2605	FlyBase_Scaffold
2603	FlyBase_Scaffold
2603	FlyBase_Scaffold
2591	FlyBase_Scaffold
2588	FlyBase_Scaffold
2584	FlyBase_Scaffold
2583	FlyBase_Scaffold
2577	FlyBase_Scaffold
2577	FlyBase_Scaffold
2576	FlyBase_Scaffold
2575	FlyBase_Scaffold
2575	FlyBase_Scaffold
2575	FlyBase_Scaffold
2574	FlyBase_Scaffold
2570	FlyBase_Scaffold
2565	FlyBase_Scaffold
2561	FlyBase_Scaffold
2557	FlyBase_Scaffold
2556	FlyBase_Scaffold
2555	FlyBase_Scaffold
2549	FlyBase_Scaffold
2547	FlyBase_Scaffold
2541	FlyBase_Scaffold
2541	FlyBase_Scaffold
2536	FlyBase_Scaffold
2529	FlyBase_Scaffold
2529	FlyBase_Scaffold
2522	FlyBase_Scaffold
2521	FlyBase_Scaffold
2521	FlyBase_Scaffold
2520	FlyBase_Scaffold
2520	FlyBase_Scaffold
2517	FlyBase_Scaffold
2516	FlyBase_Scaffold
2511	FlyBase_Scaffold
2511	FlyBase_Scaffold
2510	FlyBase_Scaffold
2508	FlyBase_Scaffold
2505	FlyBase_Scaffold
2500	FlyBase_Scaffold
2491	FlyBase_Scaffold
2487	FlyBase_Scaffold
2479	FlyBase_Scaffold
2477	FlyBase_Scaffold
2476	FlyBase_Scaffold
2475	FlyBase_Scaffold
2473	FlyBase_Scaffold
2470	FlyBase_Scaffold
2464	FlyBase_Scaffold
2463	FlyBase_Scaffold
2462	FlyBase_Scaffold
2451	FlyBase_Scaffold
2447	FlyBase_Scaffold
2442	FlyBase_Scaffold
2439	FlyBase_Scaffold
2438	FlyBase_Scaffold
2438	FlyBase_Scaffold
2438	FlyBase_Scaffold
2435	FlyBase_Scaffold
2434	FlyBase_Scaffold
2432	FlyBase_Scaffold
2431	FlyBase_Scaffold
2429	FlyBase_Scaffold
2428	FlyBase_Scaffold
2425	FlyBase_Scaffold
2425	FlyBase_Scaffold
2421	FlyBase_Scaffold
2421	FlyBase_Scaffold
2420	FlyBase_Scaffold
2419	FlyBase_Scaffold
2417	FlyBase_Scaffold
2413	FlyBase_Scaffold
2412	FlyBase_Scaffold
2400	FlyBase_Scaffold
2394	FlyBase_Scaffold
2390	FlyBase_Scaffold
2390	FlyBase_Scaffold
2389	FlyBase_Scaffold
2385	FlyBase_Scaffold
2385	FlyBase_Scaffold
2385	FlyBase_Scaffold
2384	FlyBase_Scaffold
2383	FlyBase_Scaffold
2383	FlyBase_Scaffold
2382	FlyBase_Scaffold
2381	FlyBase_Scaffold
2381	FlyBase_Scaffold
2379	FlyBase_Scaffold
2379	FlyBase_Scaffold
2378	FlyBase_Scaffold
2375	FlyBase_Scaffold
2372	FlyBase_Scaffold
2369	FlyBase_Scaffold
2368	FlyBase_Scaffold
2366	FlyBase_Scaffold
2363	FlyBase_Scaffold
2357	FlyBase_Scaffold
2355	FlyBase_Scaffold
2354	FlyBase_Scaffold
2353	FlyBase_Scaffold
2352	FlyBase_Scaffold
2344	FlyBase_Scaffold
2342	FlyBase_Scaffold
2342	FlyBase_Scaffold
2335	FlyBase_Scaffold
2330	FlyBase_Scaffold
2328	FlyBase_Scaffold
2328	FlyBase_Scaffold
2326	FlyBase_Scaffold
2325	FlyBase_Scaffold
2322	FlyBase_Scaffold
2318	FlyBase_Scaffold
2317	FlyBase_Scaffold
2308	FlyBase_Scaffold
2307	FlyBase_Scaffold
2304	FlyBase_Scaffold
2303	FlyBase_Scaffold
2295	FlyBase_Scaffold
2293	FlyBase_Scaffold
2291	FlyBase_Scaffold
2289	FlyBase_Scaffold
2287	FlyBase_Scaffold
2286	FlyBase_Scaffold
2284	FlyBase_Scaffold
2283	FlyBase_Scaffold
2282	FlyBase_Scaffold
2273	FlyBase_Scaffold
2270	FlyBase_Scaffold
2269	FlyBase_Scaffold
2266	FlyBase_Scaffold
2259	FlyBase_Scaffold
2259	FlyBase_Scaffold
2253	FlyBase_Scaffold
2248	FlyBase_Scaffold
2247	FlyBase_Scaffold
2237	FlyBase_Scaffold
2234	FlyBase_Scaffold
2232	FlyBase_Scaffold
2232	FlyBase_Scaffold
2228	FlyBase_Scaffold
2227	FlyBase_Scaffold
2223	FlyBase_Scaffold
2221	FlyBase_Scaffold
2220	FlyBase_Scaffold
2217	FlyBase_Scaffold
2216	FlyBase_Scaffold
2210	FlyBase_Scaffold
2209	FlyBase_Scaffold
2207	FlyBase_Scaffold
2206	FlyBase_Scaffold
2205	FlyBase_Scaffold
2201	FlyBase_Scaffold
2200	FlyBase_Scaffold
2198	FlyBase_Scaffold
2198	FlyBase_Scaffold
2196	FlyBase_Scaffold
2192	FlyBase_Scaffold
2190	FlyBase_Scaffold
2189	FlyBase_Scaffold
2189	FlyBase_Scaffold
2187	FlyBase_Scaffold
2185	FlyBase_Scaffold
2177	FlyBase_Scaffold
2176	FlyBase_Scaffold
2173	FlyBase_Scaffold
2166	FlyBase_Scaffold
2161	FlyBase_Scaffold
2161	FlyBase_Scaffold
2157	FlyBase_Scaffold
2147	FlyBase_Scaffold
2139	FlyBase_Scaffold
2132	FlyBase_Scaffold
2129	FlyBase_Scaffold
2126	FlyBase_Scaffold
2124	FlyBase_Scaffold
2124	FlyBase_Scaffold
2119	FlyBase_Scaffold
2117	FlyBase_Scaffold
2114	FlyBase_Scaffold
2113	FlyBase_Scaffold
2113	FlyBase_Scaffold
2113	FlyBase_Scaffold
2112	FlyBase_Scaffold
2109	FlyBase_Scaffold
2108	FlyBase_Scaffold
2105	FlyBase_Scaffold
2105	FlyBase_Scaffold
2103	FlyBase_Scaffold
2102	FlyBase_Scaffold
2096	FlyBase_Scaffold
2096	FlyBase_Scaffold
2094	FlyBase_Scaffold
2094	FlyBase_Scaffold
2092	FlyBase_Scaffold
2090	FlyBase_Scaffold
2089	FlyBase_Scaffold
2088	FlyBase_Scaffold
2087	FlyBase_Scaffold
2087	FlyBase_Scaffold
2086	FlyBase_Scaffold
2084	FlyBase_Scaffold
2081	FlyBase_Scaffold
2079	FlyBase_Scaffold
2079	FlyBase_Scaffold
2078	FlyBase_Scaffold
2076	FlyBase_Scaffold
2068	FlyBase_Scaffold
2064	FlyBase_Scaffold
2063	FlyBase_Scaffold
2063	FlyBase_Scaffold
2062	FlyBase_Scaffold
2060	FlyBase_Scaffold
2060	FlyBase_Scaffold
2060	FlyBase_Scaffold
2059	FlyBase_Scaffold
2050	FlyBase_Scaffold
2046	FlyBase_Scaffold
2044	FlyBase_Scaffold
2043	FlyBase_Scaffold
2035	FlyBase_Scaffold
2033	FlyBase_Scaffold
2033	FlyBase_Scaffold
2030	FlyBase_Scaffold
2027	FlyBase_Scaffold
2021	FlyBase_Scaffold
2020	FlyBase_Scaffold
2017	FlyBase_Scaffold
2014	FlyBase_Scaffold
2010	FlyBase_Scaffold
2009	FlyBase_Scaffold
2008	FlyBase_Scaffold
2006	FlyBase_Scaffold
2006	FlyBase_Scaffold
2005	FlyBase_Scaffold
2005	FlyBase_Scaffold
1998	FlyBase_Scaffold
1998	FlyBase_Scaffold
1998	FlyBase_Scaffold
1995	FlyBase_Scaffold
1993	FlyBase_Scaffold
1990	FlyBase_Scaffold
1990	FlyBase_Scaffold
1988	FlyBase_Scaffold
1986	FlyBase_Scaffold
1986	FlyBase_Scaffold
1980	FlyBase_Scaffold
1978	FlyBase_Scaffold
1976	FlyBase_Scaffold
1976	FlyBase_Scaffold
1975	FlyBase_Scaffold
1974	FlyBase_Scaffold
1970	FlyBase_Scaffold
1966	FlyBase_Scaffold
1966	FlyBase_Scaffold
1966	FlyBase_Scaffold
1964	FlyBase_Scaffold
1963	FlyBase_Scaffold
1962	FlyBase_Scaffold
1962	FlyBase_Scaffold
1962	FlyBase_Scaffold
1961	FlyBase_Scaffold
1961	FlyBase_Scaffold
1961	FlyBase_Scaffold
1956	FlyBase_Scaffold
1956	FlyBase_Scaffold
1947	FlyBase_Scaffold
1947	FlyBase_Scaffold
1947	FlyBase_Scaffold
1946	FlyBase_Scaffold
1945	FlyBase_Scaffold
1944	FlyBase_Scaffold
1943	FlyBase_Scaffold
1939	FlyBase_Scaffold
1936	FlyBase_Scaffold
1936	FlyBase_Scaffold
1935	FlyBase_Scaffold
1933	FlyBase_Scaffold
1933	FlyBase_Scaffold
1931	FlyBase_Scaffold
1929	FlyBase_Scaffold
1928	FlyBase_Scaffold
1928	FlyBase_Scaffold
1927	FlyBase_Scaffold
1926	FlyBase_Scaffold
1926	FlyBase_Scaffold
1924	FlyBase_Scaffold
1920	FlyBase_Scaffold
1917	FlyBase_Scaffold
1916	FlyBase_Scaffold
1916	FlyBase_Scaffold
1907	FlyBase_Scaffold
1906	FlyBase_Scaffold
1905	FlyBase_Scaffold
1904	FlyBase_Scaffold
1903	FlyBase_Scaffold
1903	FlyBase_Scaffold
1903	FlyBase_Scaffold
1902	FlyBase_Scaffold
1901	FlyBase_Scaffold
1900	FlyBase_Scaffold
1900	FlyBase_Scaffold
1899	FlyBase_Scaffold
1895	FlyBase_Scaffold
1895	FlyBase_Scaffold
1893	FlyBase_Scaffold
1891	FlyBase_Scaffold
1890	FlyBase_Scaffold
1890	FlyBase_Scaffold
1888	FlyBase_Scaffold
1882	FlyBase_Scaffold
1872	FlyBase_Scaffold
1872	FlyBase_Scaffold
1871	FlyBase_Scaffold
1870	FlyBase_Scaffold
1870	FlyBase_Scaffold
1869	FlyBase_Scaffold
1869	FlyBase_Scaffold
1869	FlyBase_Scaffold
1868	FlyBase_Scaffold
1865	FlyBase_Scaffold
1863	FlyBase_Scaffold
1863	FlyBase_Scaffold
1856	FlyBase_Scaffold
1854	FlyBase_Scaffold
1851	FlyBase_Scaffold
1849	FlyBase_Scaffold
1843	FlyBase_Scaffold
1843	FlyBase_Scaffold
1843	FlyBase_Scaffold
1843	FlyBase_Scaffold
1842	FlyBase_Scaffold
1841	FlyBase_Scaffold
1841	FlyBase_Scaffold
1832	FlyBase_Scaffold
1832	FlyBase_Scaffold
1830	FlyBase_Scaffold
1829	FlyBase_Scaffold
1829	FlyBase_Scaffold
1826	FlyBase_Scaffold
1819	FlyBase_Scaffold
1818	FlyBase_Scaffold
1818	FlyBase_Scaffold
1813	FlyBase_Scaffold
1813	FlyBase_Scaffold
1806	FlyBase_Scaffold
1803	FlyBase_Scaffold
1802	FlyBase_Scaffold
1801	FlyBase_Scaffold
1800	FlyBase_Scaffold
1800	FlyBase_Scaffold
1798	FlyBase_Scaffold
1797	FlyBase_Scaffold
1793	FlyBase_Scaffold
1792	FlyBase_Scaffold
1787	FlyBase_Scaffold
1786	FlyBase_Scaffold
1785	FlyBase_Scaffold
1785	FlyBase_Scaffold
1776	FlyBase_Scaffold
1775	FlyBase_Scaffold
1775	FlyBase_Scaffold
1775	FlyBase_Scaffold
1770	FlyBase_Scaffold
1769	FlyBase_Scaffold
1766	FlyBase_Scaffold
1761	FlyBase_Scaffold
1756	FlyBase_Scaffold
1754	FlyBase_Scaffold
1751	FlyBase_Scaffold
1747	FlyBase_Scaffold
1747	FlyBase_Scaffold
1747	FlyBase_Scaffold
1743	FlyBase_Scaffold
1741	FlyBase_Scaffold
1738	FlyBase_Scaffold
1737	FlyBase_Scaffold
1734	FlyBase_Scaffold
1733	FlyBase_Scaffold
1732	FlyBase_Scaffold
1728	FlyBase_Scaffold
1724	FlyBase_Scaffold
1724	FlyBase_Scaffold
1719	FlyBase_Scaffold
1719	FlyBase_Scaffold
1716	FlyBase_Scaffold
1716	FlyBase_Scaffold
1715	FlyBase_Scaffold
1714	FlyBase_Scaffold
1713	FlyBase_Scaffold
1712	FlyBase_Scaffold
1710	FlyBase_Scaffold
1710	FlyBase_Scaffold
1709	FlyBase_Scaffold
1708	FlyBase_Scaffold
1704	FlyBase_Scaffold
1703	FlyBase_Scaffold
1703	FlyBase_Scaffold
1696	FlyBase_Scaffold
1690	FlyBase_Scaffold
1690	FlyBase_Scaffold
1687	FlyBase_Scaffold
1685	FlyBase_Scaffold
1683	FlyBase_Scaffold
1683	FlyBase_Scaffold
1683	FlyBase_Scaffold
1680	FlyBase_Scaffold
1679	FlyBase_Scaffold
1678	FlyBase_Scaffold
1675	FlyBase_Scaffold
1667	FlyBase_Scaffold
1657	FlyBase_Scaffold
1650	FlyBase_Scaffold
1645	FlyBase_Scaffold
1643	FlyBase_Scaffold
1643	FlyBase_Scaffold
1641	FlyBase_Scaffold
1637	FlyBase_Scaffold
1637	FlyBase_Scaffold
1637	FlyBase_Scaffold
1636	FlyBase_Scaffold
1630	FlyBase_Scaffold
1629	FlyBase_Scaffold
1625	FlyBase_Scaffold
1625	FlyBase_Scaffold
1623	FlyBase_Scaffold
1622	FlyBase_Scaffold
1619	FlyBase_Scaffold
1614	FlyBase_Scaffold
1611	FlyBase_Scaffold
1610	FlyBase_Scaffold
1610	FlyBase_Scaffold
1608	FlyBase_Scaffold
1597	FlyBase_Scaffold
1595	FlyBase_Scaffold
1594	FlyBase_Scaffold
1586	FlyBase_Scaffold
1586	FlyBase_Scaffold
1586	FlyBase_Scaffold
1581	FlyBase_Scaffold
1577	FlyBase_Scaffold
1577	FlyBase_Scaffold
1575	FlyBase_Scaffold
1573	FlyBase_Scaffold
1571	FlyBase_Scaffold
1567	FlyBase_Scaffold
1566	FlyBase_Scaffold
1560	FlyBase_Scaffold
1560	FlyBase_Scaffold
1558	FlyBase_Scaffold
1556	FlyBase_Scaffold
1556	FlyBase_Scaffold
1555	FlyBase_Scaffold
1553	FlyBase_Scaffold
1552	FlyBase_Scaffold
1550	FlyBase_Scaffold
1550	FlyBase_Scaffold
1549	FlyBase_Scaffold
1546	FlyBase_Scaffold
1544	FlyBase_Scaffold
1543	FlyBase_Scaffold
1541	FlyBase_Scaffold
1540	FlyBase_Scaffold
1538	FlyBase_Scaffold
1534	FlyBase_Scaffold
1533	FlyBase_Scaffold
1533	FlyBase_Scaffold
1532	FlyBase_Scaffold
1529	FlyBase_Scaffold
1527	FlyBase_Scaffold
1525	FlyBase_Scaffold
1525	FlyBase_Scaffold
1525	FlyBase_Scaffold
1521	FlyBase_Scaffold
1520	FlyBase_Scaffold
1519	FlyBase_Scaffold
1518	FlyBase_Scaffold
1516	FlyBase_Scaffold
1510	FlyBase_Scaffold
1509	FlyBase_Scaffold
1508	FlyBase_Scaffold
1504	FlyBase_Scaffold
1504	FlyBase_Scaffold
1502	FlyBase_Scaffold
1494	FlyBase_Scaffold
1492	FlyBase_Scaffold
1492	FlyBase_Scaffold
1490	FlyBase_Scaffold
1489	FlyBase_Scaffold
1488	FlyBase_Scaffold
1487	FlyBase_Scaffold
1487	FlyBase_Scaffold
1485	FlyBase_Scaffold
1484	FlyBase_Scaffold
1482	FlyBase_Scaffold
1478	FlyBase_Scaffold
1476	FlyBase_Scaffold
1475	FlyBase_Scaffold
1473	FlyBase_Scaffold
1471	FlyBase_Scaffold
1468	FlyBase_Scaffold
1467	FlyBase_Scaffold
1466	FlyBase_Scaffold
1464	FlyBase_Scaffold
1462	FlyBase_Scaffold
1461	FlyBase_Scaffold
1461	FlyBase_Scaffold
1459	FlyBase_Scaffold
1458	FlyBase_Scaffold
1456	FlyBase_Scaffold
1453	FlyBase_Scaffold
1452	FlyBase_Scaffold
1452	FlyBase_Scaffold
1451	FlyBase_Scaffold
1446	FlyBase_Scaffold
1446	FlyBase_Scaffold
1445	FlyBase_Scaffold
1443	FlyBase_Scaffold
1441	FlyBase_Scaffold
1440	FlyBase_Scaffold
1436	FlyBase_Scaffold
1432	FlyBase_Scaffold
1432	FlyBase_Scaffold
1432	FlyBase_Scaffold
1430	FlyBase_Scaffold
1429	FlyBase_Scaffold
1429	FlyBase_Scaffold
1425	FlyBase_Scaffold
1424	FlyBase_Scaffold
1424	FlyBase_Scaffold
1424	FlyBase_Scaffold
1423	FlyBase_Scaffold
1422	FlyBase_Scaffold
1421	FlyBase_Scaffold
1419	FlyBase_Scaffold
1416	FlyBase_Scaffold
1416	FlyBase_Scaffold
1416	FlyBase_Scaffold
1415	FlyBase_Scaffold
1412	FlyBase_Scaffold
1412	FlyBase_Scaffold
1411	FlyBase_Scaffold
1410	FlyBase_Scaffold
1408	FlyBase_Scaffold
1408	FlyBase_Scaffold
1407	FlyBase_Scaffold
1406	FlyBase_Scaffold
1404	FlyBase_Scaffold
1402	FlyBase_Scaffold
1395	FlyBase_Scaffold
1394	FlyBase_Scaffold
1393	FlyBase_Scaffold
1391	FlyBase_Scaffold
1391	FlyBase_Scaffold
1391	FlyBase_Scaffold
1386	FlyBase_Scaffold
1386	FlyBase_Scaffold
1385	FlyBase_Scaffold
1384	FlyBase_Scaffold
1383	FlyBase_Scaffold
1382	FlyBase_Scaffold
1381	FlyBase_Scaffold
1381	FlyBase_Scaffold
1380	FlyBase_Scaffold
1380	FlyBase_Scaffold
1379	FlyBase_Scaffold
1378	FlyBase_Scaffold
1377	FlyBase_Scaffold
1377	FlyBase_Scaffold
1377	FlyBase_Scaffold
1377	FlyBase_Scaffold
1376	FlyBase_Scaffold
1375	FlyBase_Scaffold
1374	FlyBase_Scaffold
1374	FlyBase_Scaffold
1373	FlyBase_Scaffold
1371	FlyBase_Scaffold
1369	FlyBase_Scaffold
1368	FlyBase_Scaffold
1366	FlyBase_Scaffold
1361	FlyBase_Scaffold
1360	FlyBase_Scaffold
1356	FlyBase_Scaffold
1356	FlyBase_Scaffold
1355	FlyBase_Scaffold
1355	FlyBase_Scaffold
1352	FlyBase_Scaffold
1351	FlyBase_Scaffold
1347	FlyBase_Scaffold
1347	FlyBase_Scaffold
1346	FlyBase_Scaffold
1344	FlyBase_Scaffold
1343	FlyBase_Scaffold
1341	FlyBase_Scaffold
1340	FlyBase_Scaffold
1340	FlyBase_Scaffold
1340	FlyBase_Scaffold
1339	FlyBase_Scaffold
1339	FlyBase_Scaffold
1337	FlyBase_Scaffold
1337	FlyBase_Scaffold
1336	FlyBase_Scaffold
1334	FlyBase_Scaffold
1333	FlyBase_Scaffold
1333	FlyBase_Scaffold
1333	FlyBase_Scaffold
1332	FlyBase_Scaffold
1330	FlyBase_Scaffold
1330	FlyBase_Scaffold
1328	FlyBase_Scaffold
1327	FlyBase_Scaffold
1326	FlyBase_Scaffold
1326	FlyBase_Scaffold
1323	FlyBase_Scaffold
1323	FlyBase_Scaffold
1322	FlyBase_Scaffold
1316	FlyBase_Scaffold
1315	FlyBase_Scaffold
1315	FlyBase_Scaffold
1315	FlyBase_Scaffold
1315	FlyBase_Scaffold
1312	FlyBase_Scaffold
1311	FlyBase_Scaffold
1311	FlyBase_Scaffold
1310	FlyBase_Scaffold
1310	FlyBase_Scaffold
1309	FlyBase_Scaffold
1308	FlyBase_Scaffold
1306	FlyBase_Scaffold
1304	FlyBase_Scaffold
1304	FlyBase_Scaffold
1304	FlyBase_Scaffold
1304	FlyBase_Scaffold
1303	FlyBase_Scaffold
1303	FlyBase_Scaffold
1302	FlyBase_Scaffold
1301	FlyBase_Scaffold
1301	FlyBase_Scaffold
1299	FlyBase_Scaffold
1297	FlyBase_Scaffold
1297	FlyBase_Scaffold
1297	FlyBase_Scaffold
1296	FlyBase_Scaffold
1295	FlyBase_Scaffold
1294	FlyBase_Scaffold
1294	FlyBase_Scaffold
1294	FlyBase_Scaffold
1293	FlyBase_Scaffold
1291	FlyBase_Scaffold
1290	FlyBase_Scaffold
1289	FlyBase_Scaffold
1287	FlyBase_Scaffold
1286	FlyBase_Scaffold
1285	FlyBase_Scaffold
1284	FlyBase_Scaffold
1284	FlyBase_Scaffold
1283	FlyBase_Scaffold
1283	FlyBase_Scaffold
1282	FlyBase_Scaffold
1281	FlyBase_Scaffold
1280	FlyBase_Scaffold
1280	FlyBase_Scaffold
1279	FlyBase_Scaffold
1278	FlyBase_Scaffold
1278	FlyBase_Scaffold
1278	FlyBase_Scaffold
1277	FlyBase_Scaffold
1277	FlyBase_Scaffold
1277	FlyBase_Scaffold
1276	FlyBase_Scaffold
1275	FlyBase_Scaffold
1275	FlyBase_Scaffold
1274	FlyBase_Scaffold
1274	FlyBase_Scaffold
1272	FlyBase_Scaffold
1271	FlyBase_Scaffold
1271	FlyBase_Scaffold
1271	FlyBase_Scaffold
1271	FlyBase_Scaffold
1271	FlyBase_Scaffold
1270	FlyBase_Scaffold
1270	FlyBase_Scaffold
1270	FlyBase_Scaffold
1269	FlyBase_Scaffold
1268	FlyBase_Scaffold
1268	FlyBase_Scaffold
1266	FlyBase_Scaffold
1265	FlyBase_Scaffold
1264	FlyBase_Scaffold
1263	FlyBase_Scaffold
1263	FlyBase_Scaffold
1263	FlyBase_Scaffold
1262	FlyBase_Scaffold
1262	FlyBase_Scaffold
1262	FlyBase_Scaffold
1261	FlyBase_Scaffold
1261	FlyBase_Scaffold
1260	FlyBase_Scaffold
1260	FlyBase_Scaffold
1260	FlyBase_Scaffold
1260	FlyBase_Scaffold
1259	FlyBase_Scaffold
1258	FlyBase_Scaffold
1258	FlyBase_Scaffold
1258	FlyBase_Scaffold
1257	FlyBase_Scaffold
1253	FlyBase_Scaffold
1253	FlyBase_Scaffold
1252	FlyBase_Scaffold
1251	FlyBase_Scaffold
1251	FlyBase_Scaffold
1251	FlyBase_Scaffold
1251	FlyBase_Scaffold
1250	FlyBase_Scaffold
1249	FlyBase_Scaffold
1248	FlyBase_Scaffold
1247	FlyBase_Scaffold
1246	FlyBase_Scaffold
1246	FlyBase_Scaffold
1244	FlyBase_Scaffold
1243	FlyBase_Scaffold
1242	FlyBase_Scaffold
1241	FlyBase_Scaffold
1241	FlyBase_Scaffold
1241	FlyBase_Scaffold
1240	FlyBase_Scaffold
1240	FlyBase_Scaffold
1240	FlyBase_Scaffold
1239	FlyBase_Scaffold
1238	FlyBase_Scaffold
1238	FlyBase_Scaffold
1238	FlyBase_Scaffold
1238	FlyBase_Scaffold
1237	FlyBase_Scaffold
1236	FlyBase_Scaffold
1235	FlyBase_Scaffold
1235	FlyBase_Scaffold
1234	FlyBase_Scaffold
1234	FlyBase_Scaffold
1234	FlyBase_Scaffold
1233	FlyBase_Scaffold
1233	FlyBase_Scaffold
1232	FlyBase_Scaffold
1231	FlyBase_Scaffold
1231	FlyBase_Scaffold
1231	FlyBase_Scaffold
1231	FlyBase_Scaffold
1230	FlyBase_Scaffold
1229	FlyBase_Scaffold
1229	FlyBase_Scaffold
1228	FlyBase_Scaffold
1227	FlyBase_Scaffold
1227	FlyBase_Scaffold
1227	FlyBase_Scaffold
1227	FlyBase_Scaffold
1226	FlyBase_Scaffold
1226	FlyBase_Scaffold
1226	FlyBase_Scaffold
1225	FlyBase_Scaffold
1225	FlyBase_Scaffold
1225	FlyBase_Scaffold
1225	FlyBase_Scaffold
1225	FlyBase_Scaffold
1225	FlyBase_Scaffold
1224	FlyBase_Scaffold
1224	FlyBase_Scaffold
1224	FlyBase_Scaffold
1224	FlyBase_Scaffold
1223	FlyBase_Scaffold
1223	FlyBase_Scaffold
1223	FlyBase_Scaffold
1222	FlyBase_Scaffold
1222	FlyBase_Scaffold
1221	FlyBase_Scaffold
1220	FlyBase_Scaffold
1220	FlyBase_Scaffold
1219	FlyBase_Scaffold
1219	FlyBase_Scaffold
1219	FlyBase_Scaffold
1218	FlyBase_Scaffold
1218	FlyBase_Scaffold
1214	FlyBase_Scaffold
1213	FlyBase_Scaffold
1212	FlyBase_Scaffold
1212	FlyBase_Scaffold
1211	FlyBase_Scaffold
1211	FlyBase_Scaffold
1210	FlyBase_Scaffold
1209	FlyBase_Scaffold
1209	FlyBase_Scaffold
1209	FlyBase_Scaffold
1208	FlyBase_Scaffold
1208	FlyBase_Scaffold
1208	FlyBase_Scaffold
1208	FlyBase_Scaffold
1207	FlyBase_Scaffold
1206	FlyBase_Scaffold
1205	FlyBase_Scaffold
1205	FlyBase_Scaffold
1205	FlyBase_Scaffold
1203	FlyBase_Scaffold
1203	FlyBase_Scaffold
1203	FlyBase_Scaffold
1202	FlyBase_Scaffold
1202	FlyBase_Scaffold
1201	FlyBase_Scaffold
1200	FlyBase_Scaffold
1200	FlyBase_Scaffold
1200	FlyBase_Scaffold
1199	FlyBase_Scaffold
1199	FlyBase_Scaffold
1198	FlyBase_Scaffold
1198	FlyBase_Scaffold
1197	FlyBase_Scaffold
1197	FlyBase_Scaffold
1195	FlyBase_Scaffold
1195	FlyBase_Scaffold
1195	FlyBase_Scaffold
1195	FlyBase_Scaffold
1195	FlyBase_Scaffold
1194	FlyBase_Scaffold
1193	FlyBase_Scaffold
1193	FlyBase_Scaffold
1193	FlyBase_Scaffold
1193	FlyBase_Scaffold
1192	FlyBase_Scaffold
1192	FlyBase_Scaffold
1192	FlyBase_Scaffold
1191	FlyBase_Scaffold
1191	FlyBase_Scaffold
1190	FlyBase_Scaffold
1190	FlyBase_Scaffold
1190	FlyBase_Scaffold
1189	FlyBase_Scaffold
1189	FlyBase_Scaffold
1189	FlyBase_Scaffold
1189	FlyBase_Scaffold
1189	FlyBase_Scaffold
1189	FlyBase_Scaffold
1188	FlyBase_Scaffold
1186	FlyBase_Scaffold
1186	FlyBase_Scaffold
1186	FlyBase_Scaffold
1186	FlyBase_Scaffold
1186	FlyBase_Scaffold
1185	FlyBase_Scaffold
1185	FlyBase_Scaffold
1185	FlyBase_Scaffold
1185	FlyBase_Scaffold
1184	FlyBase_Scaffold
1184	FlyBase_Scaffold
1184	FlyBase_Scaffold
1184	FlyBase_Scaffold
1182	FlyBase_Scaffold
1182	FlyBase_Scaffold
1181	FlyBase_Scaffold
1181	FlyBase_Scaffold
1181	FlyBase_Scaffold
1179	FlyBase_Scaffold
1179	FlyBase_Scaffold
1179	FlyBase_Scaffold
1178	FlyBase_Scaffold
1178	FlyBase_Scaffold
1178	FlyBase_Scaffold
1178	FlyBase_Scaffold
1178	FlyBase_Scaffold
1178	FlyBase_Scaffold
1177	FlyBase_Scaffold
1176	FlyBase_Scaffold
1175	FlyBase_Scaffold
1175	FlyBase_Scaffold
1174	FlyBase_Scaffold
1174	FlyBase_Scaffold
1173	FlyBase_Scaffold
1173	FlyBase_Scaffold
1173	FlyBase_Scaffold
1171	FlyBase_Scaffold
1171	FlyBase_Scaffold
1171	FlyBase_Scaffold
1171	FlyBase_Scaffold
1170	FlyBase_Scaffold
1169	FlyBase_Scaffold
1169	FlyBase_Scaffold
1168	FlyBase_Scaffold
1167	FlyBase_Scaffold
1167	FlyBase_Scaffold
1167	FlyBase_Scaffold
1166	FlyBase_Scaffold
1166	FlyBase_Scaffold
1166	FlyBase_Scaffold
1166	FlyBase_Scaffold
1165	FlyBase_Scaffold
1165	FlyBase_Scaffold
1164	FlyBase_Scaffold
1163	FlyBase_Scaffold
1163	FlyBase_Scaffold
1163	FlyBase_Scaffold
1163	FlyBase_Scaffold
1163	FlyBase_Scaffold
1163	FlyBase_Scaffold
1162	FlyBase_Scaffold
1162	FlyBase_Scaffold
1162	FlyBase_Scaffold
1161	FlyBase_Scaffold
1161	FlyBase_Scaffold
1161	FlyBase_Scaffold
1160	FlyBase_Scaffold
1160	FlyBase_Scaffold
1160	FlyBase_Scaffold
1159	FlyBase_Scaffold
1159	FlyBase_Scaffold
1159	FlyBase_Scaffold
1159	FlyBase_Scaffold
1159	FlyBase_Scaffold
1158	FlyBase_Scaffold
1158	FlyBase_Scaffold
1158	FlyBase_Scaffold
1157	FlyBase_Scaffold
1157	FlyBase_Scaffold
1156	FlyBase_Scaffold
1156	FlyBase_Scaffold
1155	FlyBase_Scaffold
1155	FlyBase_Scaffold
1155	FlyBase_Scaffold
1155	FlyBase_Scaffold
1154	FlyBase_Scaffold
1154	FlyBase_Scaffold
1154	FlyBase_Scaffold
1154	FlyBase_Scaffold
1153	FlyBase_Scaffold
1153	FlyBase_Scaffold
1153	FlyBase_Scaffold
1152	FlyBase_Scaffold
1152	FlyBase_Scaffold
1152	FlyBase_Scaffold
1152	FlyBase_Scaffold
1151	FlyBase_Scaffold
1150	FlyBase_Scaffold
1150	FlyBase_Scaffold
1148	FlyBase_Scaffold
1148	FlyBase_Scaffold
1148	FlyBase_Scaffold
1148	FlyBase_Scaffold
1148	FlyBase_Scaffold
1148	FlyBase_Scaffold
1147	FlyBase_Scaffold
1147	FlyBase_Scaffold
1147	FlyBase_Scaffold
1146	FlyBase_Scaffold
1146	FlyBase_Scaffold
1146	FlyBase_Scaffold
1145	FlyBase_Scaffold
1144	FlyBase_Scaffold
1144	FlyBase_Scaffold
1144	FlyBase_Scaffold
1144	FlyBase_Scaffold
1144	FlyBase_Scaffold
1143	FlyBase_Scaffold
1143	FlyBase_Scaffold
1142	FlyBase_Scaffold
1142	FlyBase_Scaffold
1142	FlyBase_Scaffold
1141	FlyBase_Scaffold
1141	FlyBase_Scaffold
1140	FlyBase_Scaffold
1140	FlyBase_Scaffold
1140	FlyBase_Scaffold
1140	FlyBase_Scaffold
1139	FlyBase_Scaffold
1139	FlyBase_Scaffold
1139	FlyBase_Scaffold
1139	FlyBase_Scaffold
1139	FlyBase_Scaffold
1138	FlyBase_Scaffold
1137	FlyBase_Scaffold
1136	FlyBase_Scaffold
1136	FlyBase_Scaffold
1136	FlyBase_Scaffold
1136	FlyBase_Scaffold
1135	FlyBase_Scaffold
1135	FlyBase_Scaffold
1135	FlyBase_Scaffold
1134	FlyBase_Scaffold
1134	FlyBase_Scaffold
1134	FlyBase_Scaffold
1134	FlyBase_Scaffold
1133	FlyBase_Scaffold
1133	FlyBase_Scaffold
1133	FlyBase_Scaffold
1132	FlyBase_Scaffold
1132	FlyBase_Scaffold
1132	FlyBase_Scaffold
1132	FlyBase_Scaffold
1131	FlyBase_Scaffold
1131	FlyBase_Scaffold
1131	FlyBase_Scaffold
1130	FlyBase_Scaffold
1130	FlyBase_Scaffold
1130	FlyBase_Scaffold
1129	FlyBase_Scaffold
1129	FlyBase_Scaffold
1129	FlyBase_Scaffold
1129	FlyBase_Scaffold
1127	FlyBase_Scaffold
1127	FlyBase_Scaffold
1126	FlyBase_Scaffold
1126	FlyBase_Scaffold
1126	FlyBase_Scaffold
1126	FlyBase_Scaffold
1126	FlyBase_Scaffold
1125	FlyBase_Scaffold
1125	FlyBase_Scaffold
1124	FlyBase_Scaffold
1124	FlyBase_Scaffold
1123	FlyBase_Scaffold
1123	FlyBase_Scaffold
1123	FlyBase_Scaffold
1123	FlyBase_Scaffold
1123	FlyBase_Scaffold
1122	FlyBase_Scaffold
1121	FlyBase_Scaffold
1120	FlyBase_Scaffold
1119	FlyBase_Scaffold
1119	FlyBase_Scaffold
1118	FlyBase_Scaffold
1118	FlyBase_Scaffold
1118	FlyBase_Scaffold
1118	FlyBase_Scaffold
1117	FlyBase_Scaffold
1117	FlyBase_Scaffold
1117	FlyBase_Scaffold
1117	FlyBase_Scaffold
1117	FlyBase_Scaffold
1117	FlyBase_Scaffold
1116	FlyBase_Scaffold
1116	FlyBase_Scaffold
1116	FlyBase_Scaffold
1116	FlyBase_Scaffold
1116	FlyBase_Scaffold
1116	FlyBase_Scaffold
1115	FlyBase_Scaffold
1115	FlyBase_Scaffold
1115	FlyBase_Scaffold
1114	FlyBase_Scaffold
1114	FlyBase_Scaffold
1114	FlyBase_Scaffold
1114	FlyBase_Scaffold
1114	FlyBase_Scaffold
1114	FlyBase_Scaffold
1112	FlyBase_Scaffold
1112	FlyBase_Scaffold
1112	FlyBase_Scaffold
1112	FlyBase_Scaffold
1111	FlyBase_Scaffold
1110	FlyBase_Scaffold
1110	FlyBase_Scaffold
1110	FlyBase_Scaffold
1110	FlyBase_Scaffold
1109	FlyBase_Scaffold
1109	FlyBase_Scaffold
1109	FlyBase_Scaffold
1109	FlyBase_Scaffold
1108	FlyBase_Scaffold
1108	FlyBase_Scaffold
1107	FlyBase_Scaffold
1107	FlyBase_Scaffold
1107	FlyBase_Scaffold
1106	FlyBase_Scaffold
1106	FlyBase_Scaffold
1105	FlyBase_Scaffold
1105	FlyBase_Scaffold
1105	FlyBase_Scaffold
1105	FlyBase_Scaffold
1105	FlyBase_Scaffold
1105	FlyBase_Scaffold
1103	FlyBase_Scaffold
1103	FlyBase_Scaffold
1103	FlyBase_Scaffold
1102	FlyBase_Scaffold
1102	FlyBase_Scaffold
1102	FlyBase_Scaffold
1101	FlyBase_Scaffold
1101	FlyBase_Scaffold
1101	FlyBase_Scaffold
1100	FlyBase_Scaffold
1100	FlyBase_Scaffold
1099	FlyBase_Scaffold
1099	FlyBase_Scaffold
1098	FlyBase_Scaffold
1098	FlyBase_Scaffold
1098	FlyBase_Scaffold
1097	FlyBase_Scaffold
1097	FlyBase_Scaffold
1097	FlyBase_Scaffold
1096	FlyBase_Scaffold
1096	FlyBase_Scaffold
1094	FlyBase_Scaffold
1093	FlyBase_Scaffold
1092	FlyBase_Scaffold
1091	FlyBase_Scaffold
1091	FlyBase_Scaffold
1090	FlyBase_Scaffold
1090	FlyBase_Scaffold
1090	FlyBase_Scaffold
1090	FlyBase_Scaffold
1090	FlyBase_Scaffold
1089	FlyBase_Scaffold
1089	FlyBase_Scaffold
1088	FlyBase_Scaffold
1088	FlyBase_Scaffold
1088	FlyBase_Scaffold
1088	FlyBase_Scaffold
1087	FlyBase_Scaffold
1087	FlyBase_Scaffold
1087	FlyBase_Scaffold
1086	FlyBase_Scaffold
1086	FlyBase_Scaffold
1086	FlyBase_Scaffold
1086	FlyBase_Scaffold
1084	FlyBase_Scaffold
1084	FlyBase_Scaffold
1084	FlyBase_Scaffold
1084	FlyBase_Scaffold
1084	FlyBase_Scaffold
1083	FlyBase_Scaffold
1083	FlyBase_Scaffold
1083	FlyBase_Scaffold
1082	FlyBase_Scaffold
1082	FlyBase_Scaffold
1081	FlyBase_Scaffold
1081	FlyBase_Scaffold
1080	FlyBase_Scaffold
1080	FlyBase_Scaffold
1080	FlyBase_Scaffold
1079	FlyBase_Scaffold
1079	FlyBase_Scaffold
1078	FlyBase_Scaffold
1078	FlyBase_Scaffold
1078	FlyBase_Scaffold
1078	FlyBase_Scaffold
1077	FlyBase_Scaffold
1077	FlyBase_Scaffold
1076	FlyBase_Scaffold
1076	FlyBase_Scaffold
1076	FlyBase_Scaffold
1076	FlyBase_Scaffold
1075	FlyBase_Scaffold
1075	FlyBase_Scaffold
1075	FlyBase_Scaffold
1075	FlyBase_Scaffold
1074	FlyBase_Scaffold
1074	FlyBase_Scaffold
1074	FlyBase_Scaffold
1074	FlyBase_Scaffold
1073	FlyBase_Scaffold
1072	FlyBase_Scaffold
1072	FlyBase_Scaffold
1071	FlyBase_Scaffold
1071	FlyBase_Scaffold
1070	FlyBase_Scaffold
1070	FlyBase_Scaffold
1070	FlyBase_Scaffold
1069	FlyBase_Scaffold
1069	FlyBase_Scaffold
1068	FlyBase_Scaffold
1067	FlyBase_Scaffold
1067	FlyBase_Scaffold
1067	FlyBase_Scaffold
1066	FlyBase_Scaffold
1064	FlyBase_Scaffold
1064	FlyBase_Scaffold
1064	FlyBase_Scaffold
1063	FlyBase_Scaffold
1063	FlyBase_Scaffold
1063	FlyBase_Scaffold
1063	FlyBase_Scaffold
1063	FlyBase_Scaffold
1063	FlyBase_Scaffold
1063	FlyBase_Scaffold
1063	FlyBase_Scaffold
1062	FlyBase_Scaffold
1062	FlyBase_Scaffold
1062	FlyBase_Scaffold
1062	FlyBase_Scaffold
1062	FlyBase_Scaffold
1061	FlyBase_Scaffold
1060	FlyBase_Scaffold
1060	FlyBase_Scaffold
1060	FlyBase_Scaffold
1059	FlyBase_Scaffold
1059	FlyBase_Scaffold
1059	FlyBase_Scaffold
1058	FlyBase_Scaffold
1058	FlyBase_Scaffold
1058	FlyBase_Scaffold
1058	FlyBase_Scaffold
1057	FlyBase_Scaffold
1056	FlyBase_Scaffold
1056	FlyBase_Scaffold
1056	FlyBase_Scaffold
1056	FlyBase_Scaffold
1055	FlyBase_Scaffold
1055	FlyBase_Scaffold
1055	FlyBase_Scaffold
1054	FlyBase_Scaffold
1054	FlyBase_Scaffold
1053	FlyBase_Scaffold
1053	FlyBase_Scaffold
1053	FlyBase_Scaffold
1053	FlyBase_Scaffold
1053	FlyBase_Scaffold
1052	FlyBase_Scaffold
1052	FlyBase_Scaffold
1052	FlyBase_Scaffold
1051	FlyBase_Scaffold
1051	FlyBase_Scaffold
1051	FlyBase_Scaffold
1051	FlyBase_Scaffold
1051	FlyBase_Scaffold
1050	FlyBase_Scaffold
1050	FlyBase_Scaffold
1049	FlyBase_Scaffold
1049	FlyBase_Scaffold
1049	FlyBase_Scaffold
1049	FlyBase_Scaffold
1049	FlyBase_Scaffold
1048	FlyBase_Scaffold
1048	FlyBase_Scaffold
1048	FlyBase_Scaffold
1048	FlyBase_Scaffold
1048	FlyBase_Scaffold
1047	FlyBase_Scaffold
1047	FlyBase_Scaffold
1047	FlyBase_Scaffold
1047	FlyBase_Scaffold
1046	FlyBase_Scaffold
1045	FlyBase_Scaffold
1045	FlyBase_Scaffold
1045	FlyBase_Scaffold
1045	FlyBase_Scaffold
1044	FlyBase_Scaffold
1044	FlyBase_Scaffold
1044	FlyBase_Scaffold
1043	FlyBase_Scaffold
1043	FlyBase_Scaffold
1042	FlyBase_Scaffold
1042	FlyBase_Scaffold
1042	FlyBase_Scaffold
1042	FlyBase_Scaffold
1042	FlyBase_Scaffold
1041	FlyBase_Scaffold
1041	FlyBase_Scaffold
1041	FlyBase_Scaffold
1040	FlyBase_Scaffold
1040	FlyBase_Scaffold
1040	FlyBase_Scaffold
1040	FlyBase_Scaffold
1039	FlyBase_Scaffold
1039	FlyBase_Scaffold
1039	FlyBase_Scaffold
1038	FlyBase_Scaffold
1038	FlyBase_Scaffold
1038	FlyBase_Scaffold
1037	FlyBase_Scaffold
1037	FlyBase_Scaffold
1037	FlyBase_Scaffold
1037	FlyBase_Scaffold
1036	FlyBase_Scaffold
1036	FlyBase_Scaffold
1035	FlyBase_Scaffold
1035	FlyBase_Scaffold
1035	FlyBase_Scaffold
1035	FlyBase_Scaffold
1035	FlyBase_Scaffold
1033	FlyBase_Scaffold
1033	FlyBase_Scaffold
1033	FlyBase_Scaffold
1033	FlyBase_Scaffold
1032	FlyBase_Scaffold
1032	FlyBase_Scaffold
1032	FlyBase_Scaffold
1031	FlyBase_Scaffold
1031	FlyBase_Scaffold
1031	FlyBase_Scaffold
1030	FlyBase_Scaffold
1030	FlyBase_Scaffold
1030	FlyBase_Scaffold
1029	FlyBase_Scaffold
1029	FlyBase_Scaffold
1029	FlyBase_Scaffold
1029	FlyBase_Scaffold
1029	FlyBase_Scaffold
1029	FlyBase_Scaffold
1029	FlyBase_Scaffold
1028	FlyBase_Scaffold
1028	FlyBase_Scaffold
1027	FlyBase_Scaffold
1027	FlyBase_Scaffold
1027	FlyBase_Scaffold
1026	FlyBase_Scaffold
1026	FlyBase_Scaffold
1025	FlyBase_Scaffold
1025	FlyBase_Scaffold
1025	FlyBase_Scaffold
1025	FlyBase_Scaffold
1023	FlyBase_Scaffold
1023	FlyBase_Scaffold
1022	FlyBase_Scaffold
1022	FlyBase_Scaffold
1022	FlyBase_Scaffold
1022	FlyBase_Scaffold
1021	FlyBase_Scaffold
1021	FlyBase_Scaffold
1021	FlyBase_Scaffold
1020	FlyBase_Scaffold
1020	FlyBase_Scaffold
1020	FlyBase_Scaffold
1019	FlyBase_Scaffold
1019	FlyBase_Scaffold
1019	FlyBase_Scaffold
1019	FlyBase_Scaffold
1019	FlyBase_Scaffold
1018	FlyBase_Scaffold
1018	FlyBase_Scaffold
1018	FlyBase_Scaffold
1018	FlyBase_Scaffold
1016	FlyBase_Scaffold
1016	FlyBase_Scaffold
1016	FlyBase_Scaffold
1015	FlyBase_Scaffold
1015	FlyBase_Scaffold
1014	FlyBase_Scaffold
1014	FlyBase_Scaffold
1014	FlyBase_Scaffold
1014	FlyBase_Scaffold
1014	FlyBase_Scaffold
1013	FlyBase_Scaffold
1013	FlyBase_Scaffold
1013	FlyBase_Scaffold
1012	FlyBase_Scaffold
1012	FlyBase_Scaffold
1012	FlyBase_Scaffold
1012	FlyBase_Scaffold
1012	FlyBase_Scaffold
1011	FlyBase_Scaffold
1011	FlyBase_Scaffold
1011	FlyBase_Scaffold
1011	FlyBase_Scaffold
1010	FlyBase_Scaffold
1010	FlyBase_Scaffold
1010	FlyBase_Scaffold
1010	FlyBase_Scaffold
1008	FlyBase_Scaffold
1008	FlyBase_Scaffold
1008	FlyBase_Scaffold
1007	FlyBase_Scaffold
1007	FlyBase_Scaffold
1006	FlyBase_Scaffold
1006	FlyBase_Scaffold
1006	FlyBase_Scaffold
1005	FlyBase_Scaffold
1005	FlyBase_Scaffold
1005	FlyBase_Scaffold
1005	FlyBase_Scaffold
1005	FlyBase_Scaffold
1004	FlyBase_Scaffold
1004	FlyBase_Scaffold
1004	FlyBase_Scaffold
1004	FlyBase_Scaffold
1003	FlyBase_Scaffold
1001	FlyBase_Scaffold
1001	FlyBase_Scaffold
1001	FlyBase_Scaffold
1001	FlyBase_Scaffold
1001	FlyBase_Scaffold
564	FlyBase_Scaffold
544	FlyBase_Scaffold
